/*
SQLyog Enterprise - MySQL GUI v8.1 
MySQL - 5.5.5-10.1.38-MariaDB : Database - data_stock
*********************************************************************
*/

/*!40101 SET NAMES utf8 */;

/*!40101 SET SQL_MODE=''*/;

/*!40014 SET @OLD_FOREIGN_KEY_CHECKS=@@FOREIGN_KEY_CHECKS, FOREIGN_KEY_CHECKS=0 */;
/*!40101 SET @OLD_SQL_MODE=@@SQL_MODE, SQL_MODE='NO_AUTO_VALUE_ON_ZERO' */;

CREATE DATABASE /*!32312 IF NOT EXISTS*/`data_stock` /*!40100 DEFAULT CHARACTER SET latin1 */;

USE `data_stock`;

/*Table structure for table `bodega` */

DROP TABLE IF EXISTS `bodega`;

CREATE TABLE `bodega` (
  `num` int(11) NOT NULL AUTO_INCREMENT,
  `codigo` varchar(100) DEFAULT NULL,
  `detalle` varchar(500) DEFAULT NULL,
  `direccion` varchar(255) DEFAULT NULL,
  PRIMARY KEY (`num`)
) ENGINE=InnoDB AUTO_INCREMENT=6 DEFAULT CHARSET=latin1;

/*Data for the table `bodega` */

insert  into `bodega`(num,codigo,detalle,direccion) values (1,'Altillo','Bodega Altillo','Maraton 55'),(2,'Bsue','Bodega Bsue','Maraton 55'),(3,'Planta A','Bodega Planta A','Maraton 55'),(4,'Planta B','Bodega Planta B','Maraton 55'),(5,'Planta C','Bodega Planta C','Maraton 55');

/*Table structure for table `bodega_sector` */

DROP TABLE IF EXISTS `bodega_sector`;

CREATE TABLE `bodega_sector` (
  `num` int(11) NOT NULL AUTO_INCREMENT,
  `codigo` varchar(100) DEFAULT NULL,
  `detalle` varchar(500) DEFAULT NULL,
  `bodega` int(11) DEFAULT NULL,
  PRIMARY KEY (`num`),
  KEY `bodega` (`bodega`),
  CONSTRAINT `bodega_sector_ibfk_1` FOREIGN KEY (`bodega`) REFERENCES `bodega` (`num`)
) ENGINE=InnoDB AUTO_INCREMENT=17 DEFAULT CHARSET=latin1;

/*Data for the table `bodega_sector` */

insert  into `bodega_sector`(num,codigo,detalle,bodega) values (1,'Sector A1','Sector A1',1),(2,'Sector A2','Sector A2',1),(3,'Sector A3','Sector A3',1),(4,'Sector A4','Sector A4',1),(5,'Sector A5','Sector A5',1),(6,'Sector B1','Sector B1',2),(7,'Sector B2','Sector B2',2),(8,'Sector B3','Sector B3',2),(9,'Sector Planta 1','Sector Planta 1',3),(10,'Sector Planta 2','Sector Planta 2',3),(11,'Sector Planta 3','Sector Planta 3',3),(12,'Sector Planta 4','Sector Planta 4',3),(13,'Altillo','Altillo',4),(14,'Klan HT','Klan HT',5),(15,'Klan TY','Klan TY',5),(16,'Klan UYT','Klan UYT',5);

/*Table structure for table `clientes` */

DROP TABLE IF EXISTS `clientes`;

CREATE TABLE `clientes` (
  `num` int(11) NOT NULL AUTO_INCREMENT,
  `rut` varchar(10) DEFAULT NULL,
  `dig` varchar(1) DEFAULT NULL,
  `razonsocial` varchar(255) DEFAULT NULL,
  `direccion` varchar(255) DEFAULT NULL,
  `fono` int(11) DEFAULT NULL,
  PRIMARY KEY (`num`)
) ENGINE=InnoDB AUTO_INCREMENT=6 DEFAULT CHARSET=latin1;

/*Data for the table `clientes` */

insert  into `clientes`(num,rut,dig,razonsocial,direccion,fono) values (1,'11111111','1','Kop importaciones','Freire 235',987456321),(2,'22222222','2','Lasert print','Las lilas 25',223654987),(3,'33333333','3','Klan pc','Club Hípico 1240',228521456),(4,'44444444','4','Jammu office','Lyon 298',956231456),(5,'55555555','5','Fernandez cleanof','Manuel Prado 876',925496325);

/*Table structure for table `ingresos_retiros` */

DROP TABLE IF EXISTS `ingresos_retiros`;

CREATE TABLE `ingresos_retiros` (
  `num` int(11) NOT NULL AUTO_INCREMENT,
  `producto` int(11) DEFAULT NULL,
  `sector` int(11) DEFAULT NULL,
  `cantidad` int(11) DEFAULT NULL,
  `fecha` date DEFAULT NULL,
  `tipo` int(11) DEFAULT NULL,
  `orden_ir` varchar(50) DEFAULT NULL,
  PRIMARY KEY (`num`),
  KEY `producto` (`producto`),
  KEY `sector` (`sector`),
  CONSTRAINT `ingresos_retiros_ibfk_1` FOREIGN KEY (`producto`) REFERENCES `productos` (`num`),
  CONSTRAINT `ingresos_retiros_ibfk_2` FOREIGN KEY (`sector`) REFERENCES `bodega_sector` (`num`)
) ENGINE=InnoDB AUTO_INCREMENT=644 DEFAULT CHARSET=latin1;

/*Data for the table `ingresos_retiros` */

insert  into `ingresos_retiros`(num,producto,sector,cantidad,fecha,tipo,orden_ir) values (1,41,8,30,'2019-01-20',2,'ret-1'),(2,172,6,20,'2019-01-20',1,'ing-2'),(3,96,13,20,'2019-01-20',2,'ret-3'),(4,12,16,30,'2019-01-20',1,'ing-4'),(5,42,12,30,'2019-01-20',2,'ret-5'),(6,17,4,10,'2019-01-20',2,'ret-6'),(7,170,14,20,'2019-01-20',1,'ing-7'),(8,50,1,10,'2019-01-20',2,'ret-8'),(9,86,13,30,'2019-01-20',1,'ing-9'),(10,124,10,10,'2019-01-20',2,'ret-10'),(11,56,4,10,'2019-01-20',2,'ret-11'),(12,193,9,10,'2019-01-20',2,'ret-12'),(13,121,8,20,'2019-01-20',2,'ret-13'),(14,198,10,20,'2019-01-20',2,'ret-14'),(15,8,3,10,'2019-01-20',1,'ing-15'),(16,119,3,10,'2019-01-20',2,'ret-16'),(17,93,14,30,'2019-01-20',1,'ing-17'),(18,107,3,30,'2019-01-20',2,'ret-18'),(19,16,8,30,'2019-01-20',2,'ret-19'),(20,114,2,20,'2019-01-20',2,'ret-20'),(21,142,11,10,'2019-01-20',2,'ret-21'),(22,128,7,30,'2019-01-20',2,'ret-22'),(23,7,4,20,'2019-01-20',1,'ing-23'),(24,192,2,30,'2019-01-20',2,'ret-24'),(25,177,9,30,'2019-01-20',1,'ing-25'),(26,19,14,30,'2019-01-20',1,'ing-26'),(27,39,7,20,'2019-01-20',2,'ret-27'),(28,128,14,20,'2019-01-20',1,'ing-28'),(29,92,10,20,'2019-01-20',2,'ret-29'),(30,122,10,20,'2019-01-20',1,'ing-30'),(31,139,5,20,'2019-01-20',1,'ing-31'),(32,32,13,20,'2019-01-20',1,'ing-32'),(33,132,1,30,'2019-01-20',1,'ing-33'),(34,58,13,20,'2019-01-20',1,'ing-34'),(35,161,11,10,'2019-01-20',1,'ing-35'),(36,84,8,20,'2019-01-20',2,'ret-36'),(37,99,1,20,'2019-01-20',1,'ing-37'),(38,174,10,10,'2019-01-20',2,'ret-38'),(39,43,2,10,'2019-01-20',1,'ing-39'),(40,36,8,10,'2019-01-20',2,'ret-40'),(41,102,15,20,'2019-01-20',2,'ret-41'),(42,162,3,10,'2019-01-20',2,'ret-42'),(43,186,11,10,'2019-01-20',1,'ing-43'),(44,43,11,10,'2019-01-20',2,'ret-44'),(45,167,11,20,'2019-01-20',1,'ing-45'),(46,197,9,10,'2019-01-20',1,'ing-46'),(47,28,4,30,'2019-01-20',2,'ret-47'),(48,41,12,20,'2019-01-20',2,'ret-48'),(49,57,13,30,'2019-01-20',2,'ret-49'),(50,65,2,20,'2019-01-20',2,'ret-50'),(51,42,7,20,'2019-01-20',2,'ret-51'),(52,29,16,20,'2019-01-20',2,'ret-52'),(53,155,12,10,'2019-01-20',1,'ing-53'),(54,125,8,30,'2019-01-20',1,'ing-54'),(55,76,7,10,'2019-01-20',2,'ret-55'),(56,181,14,30,'2019-01-20',1,'ing-56'),(57,145,11,20,'2019-01-20',2,'ret-57'),(58,55,7,10,'2019-01-20',1,'ing-58'),(59,163,12,20,'2019-01-20',2,'ret-59'),(60,80,10,10,'2019-01-20',1,'ing-60'),(61,92,11,20,'2019-01-20',1,'ing-61'),(62,81,4,30,'2019-01-20',2,'ret-62'),(63,143,7,10,'2019-01-20',2,'ret-63'),(64,145,10,30,'2019-01-20',2,'ret-64'),(65,153,9,30,'2019-01-20',1,'ing-65'),(66,60,6,30,'2019-01-20',1,'ing-66'),(67,20,14,30,'2019-01-20',1,'ing-67'),(68,189,13,30,'2019-01-20',1,'ing-68'),(69,30,13,30,'2019-01-20',1,'ing-69'),(70,90,14,30,'2019-01-20',2,'ret-70'),(71,19,8,30,'2019-01-20',2,'ret-71'),(72,199,3,30,'2019-01-30',1,'ing-72'),(73,111,9,10,'2019-01-30',1,'ing-73'),(74,67,15,10,'2019-01-30',1,'ing-74'),(75,95,1,10,'2019-01-30',1,'ing-75'),(76,50,2,20,'2019-01-30',2,'ret-76'),(77,25,10,20,'2019-01-30',2,'ret-77'),(78,103,8,20,'2019-01-30',1,'ing-78'),(79,137,13,20,'2019-01-30',1,'ing-79'),(80,94,13,30,'2019-01-30',2,'ret-80'),(81,9,14,10,'2019-01-30',2,'ret-81'),(82,84,14,10,'2019-01-30',1,'ing-82'),(83,54,11,10,'2019-01-30',2,'ret-83'),(84,199,4,20,'2019-01-30',2,'ret-84'),(85,89,6,20,'2019-01-30',1,'ing-85'),(86,48,11,10,'2019-01-30',2,'ret-86'),(87,76,16,10,'2019-01-30',1,'ing-87'),(88,79,9,20,'2019-01-30',1,'ing-88'),(89,185,10,20,'2019-01-30',2,'ret-89'),(90,181,9,20,'2019-01-30',2,'ret-90'),(91,10,10,30,'2019-01-30',1,'ing-91'),(92,149,12,10,'2019-01-30',1,'ing-92'),(93,124,11,20,'2019-01-30',1,'ing-93'),(94,16,13,30,'2019-01-30',1,'ing-94'),(95,200,13,30,'2019-01-30',1,'ing-95'),(96,117,14,20,'2019-01-30',2,'ret-96'),(97,25,11,10,'2019-01-30',1,'ing-97'),(98,73,15,10,'2019-01-30',1,'ing-98'),(99,156,12,30,'2019-01-30',1,'ing-99'),(100,52,7,10,'2019-01-30',1,'ing-100'),(101,182,16,30,'2019-01-30',1,'ing-101'),(102,78,5,10,'2019-01-30',2,'ret-102'),(103,177,1,10,'2019-01-30',2,'ret-103'),(104,75,6,10,'2019-01-30',1,'ing-104'),(105,34,12,30,'2019-01-30',1,'ing-105'),(106,131,7,30,'2019-01-30',2,'ret-106'),(107,67,8,30,'2019-01-30',2,'ret-107'),(108,27,10,20,'2019-01-30',1,'ing-108'),(109,187,1,20,'2019-01-30',2,'ret-109'),(110,63,7,20,'2019-01-30',2,'ret-110'),(111,162,11,30,'2019-01-30',1,'ing-111'),(112,148,16,30,'2019-01-30',1,'ing-112'),(113,59,13,30,'2019-01-30',2,'ret-113'),(114,95,14,20,'2019-01-30',1,'ing-114'),(115,94,15,10,'2019-02-25',1,'ing-115'),(116,139,3,20,'2019-02-25',2,'ret-116'),(117,92,15,20,'2019-02-25',2,'ret-117'),(118,64,12,30,'2019-02-25',2,'ret-118'),(119,7,8,20,'2019-02-25',2,'ret-119'),(120,92,15,10,'2019-02-25',1,'ing-120'),(121,14,15,30,'2019-02-25',2,'ret-121'),(122,62,9,20,'2019-02-25',1,'ing-122'),(123,148,2,30,'2019-02-25',2,'ret-123'),(124,65,3,20,'2019-02-25',2,'ret-124'),(125,79,5,10,'2019-02-25',2,'ret-125'),(126,18,4,30,'2019-02-25',2,'ret-126'),(127,108,11,20,'2019-02-25',1,'ing-127'),(128,93,10,10,'2019-02-25',2,'ret-128'),(129,190,12,30,'2019-02-25',2,'ret-129'),(130,56,11,10,'2019-02-25',2,'ret-130'),(131,97,10,10,'2019-02-25',1,'ing-131'),(132,54,11,20,'2019-02-25',2,'ret-132'),(133,139,8,20,'2019-02-25',1,'ing-133'),(134,8,10,30,'2019-02-25',1,'ing-134'),(135,85,16,20,'2019-02-25',2,'ret-135'),(136,99,4,30,'2019-02-25',2,'ret-136'),(137,178,16,10,'2019-02-25',2,'ret-137'),(138,157,14,20,'2019-02-25',2,'ret-138'),(139,117,2,20,'2019-02-25',2,'ret-139'),(140,12,10,10,'2019-02-25',2,'ret-140'),(141,67,12,30,'2019-02-25',1,'ing-141'),(142,1,5,20,'2019-02-25',2,'ret-142'),(143,198,15,10,'2019-02-25',1,'ing-143'),(144,147,12,10,'2019-02-25',1,'ing-144'),(145,168,1,10,'2019-02-25',1,'ing-145'),(146,140,6,30,'2019-02-25',2,'ret-146'),(147,53,3,10,'2019-02-25',1,'ing-147'),(148,120,11,30,'2019-02-25',1,'ing-148'),(149,80,13,30,'2019-02-25',1,'ing-149'),(150,120,6,20,'2019-02-25',2,'ret-150'),(151,27,3,30,'2019-02-25',1,'ing-151'),(152,93,16,20,'2019-02-25',1,'ing-152'),(153,46,8,10,'2019-02-25',2,'ret-153'),(154,190,9,30,'2019-02-25',1,'ing-154'),(155,14,13,20,'2019-02-25',2,'ret-155'),(156,122,4,10,'2019-02-25',2,'ret-156'),(157,30,9,20,'2019-02-25',2,'ret-157'),(158,187,16,20,'2019-02-25',2,'ret-158'),(159,23,8,20,'2019-02-25',1,'ing-159'),(160,166,8,30,'2019-02-25',2,'ret-160'),(161,84,13,20,'2019-02-25',2,'ret-161'),(162,57,9,10,'2019-02-25',1,'ing-162'),(163,118,7,10,'2019-02-25',1,'ing-163'),(164,89,9,10,'2019-03-30',2,'ret-164'),(165,1,3,20,'2019-03-30',1,'ing-165'),(166,159,2,10,'2019-03-30',2,'ret-166'),(167,175,16,20,'2019-03-30',1,'ing-167'),(168,6,12,20,'2019-03-30',2,'ret-168'),(169,136,15,30,'2019-03-30',2,'ret-169'),(170,185,1,10,'2019-03-30',2,'ret-170'),(171,164,11,30,'2019-03-30',1,'ing-171'),(172,4,1,20,'2019-03-30',1,'ing-172'),(173,33,8,30,'2019-03-30',2,'ret-173'),(174,41,13,20,'2019-03-30',1,'ing-174'),(175,172,11,10,'2019-03-30',2,'ret-175'),(176,76,8,30,'2019-03-30',2,'ret-176'),(177,177,1,20,'2019-03-30',2,'ret-177'),(178,108,13,20,'2019-03-30',1,'ing-178'),(179,163,4,30,'2019-03-30',2,'ret-179'),(180,133,14,30,'2019-03-30',2,'ret-180'),(181,90,13,30,'2019-03-30',1,'ing-181'),(182,44,6,20,'2019-03-30',2,'ret-182'),(183,108,6,20,'2019-03-30',1,'ing-183'),(184,143,2,10,'2019-03-30',2,'ret-184'),(185,158,10,20,'2019-03-30',1,'ing-185'),(186,186,10,30,'2019-03-30',2,'ret-186'),(187,114,7,10,'2019-03-30',1,'ing-187'),(188,123,15,10,'2019-03-30',2,'ret-188'),(189,135,2,10,'2019-03-30',2,'ret-189'),(190,113,11,20,'2019-03-30',2,'ret-190'),(191,186,4,30,'2019-03-30',1,'ing-191'),(192,116,7,20,'2019-03-30',2,'ret-192'),(193,92,12,20,'2019-03-30',2,'ret-193'),(194,34,2,30,'2019-03-30',1,'ing-194'),(195,85,15,30,'2019-03-30',2,'ret-195'),(196,52,4,30,'2019-03-30',1,'ing-196'),(197,18,2,20,'2019-03-30',2,'ret-197'),(198,64,3,30,'2019-03-30',2,'ret-198'),(199,179,16,10,'2019-03-30',2,'ret-199'),(200,132,13,30,'2019-03-30',2,'ret-200'),(201,38,13,30,'2019-03-30',1,'ing-201'),(202,148,3,20,'2019-03-30',1,'ing-202'),(203,195,4,30,'2019-03-30',1,'ing-203'),(204,199,2,30,'2019-03-30',2,'ret-204'),(205,61,7,30,'2019-03-30',1,'ing-205'),(206,18,11,10,'2019-03-30',1,'ing-206'),(207,13,12,10,'2019-03-30',2,'ret-207'),(208,73,14,10,'2019-03-30',1,'ing-208'),(209,35,2,10,'2019-03-30',2,'ret-209'),(210,47,12,20,'2019-03-30',2,'ret-210'),(211,114,6,20,'2019-04-26',2,'ret-211'),(212,45,11,10,'2019-04-26',2,'ret-212'),(213,150,9,30,'2019-04-26',1,'ing-213'),(214,104,6,30,'2019-04-26',1,'ing-214'),(215,2,16,20,'2019-04-26',1,'ing-215'),(216,98,1,10,'2019-04-26',2,'ret-216'),(217,18,2,20,'2019-04-26',1,'ing-217'),(218,60,5,20,'2019-04-26',2,'ret-218'),(219,91,16,10,'2019-04-26',2,'ret-219'),(220,165,9,10,'2019-04-26',1,'ing-220'),(221,26,8,10,'2019-04-26',2,'ret-221'),(222,104,4,20,'2019-04-26',2,'ret-222'),(223,41,11,20,'2019-04-26',2,'ret-223'),(224,149,6,10,'2019-04-26',1,'ing-224'),(225,136,5,10,'2019-04-26',2,'ret-225'),(226,151,9,10,'2019-04-26',2,'ret-226'),(227,29,10,30,'2019-04-26',1,'ing-227'),(228,2,11,30,'2019-04-26',2,'ret-228'),(229,122,14,30,'2019-04-26',2,'ret-229'),(230,167,5,10,'2019-04-26',1,'ing-230'),(231,33,1,20,'2019-04-26',1,'ing-231'),(232,164,5,30,'2019-04-26',2,'ret-232'),(233,186,15,20,'2019-04-26',2,'ret-233'),(234,92,15,30,'2019-04-26',1,'ing-234'),(235,61,14,20,'2019-04-26',2,'ret-235'),(236,200,14,20,'2019-04-26',2,'ret-236'),(237,70,3,20,'2019-04-26',2,'ret-237'),(238,137,4,10,'2019-04-26',2,'ret-238'),(239,43,6,10,'2019-04-26',2,'ret-239'),(240,121,11,10,'2019-04-26',1,'ing-240'),(241,187,2,20,'2019-04-26',2,'ret-241'),(242,155,2,10,'2019-04-26',2,'ret-242'),(243,188,14,10,'2019-04-26',2,'ret-243'),(244,13,6,20,'2019-04-26',1,'ing-244'),(245,135,5,20,'2019-04-26',1,'ing-245'),(246,160,11,20,'2019-04-26',2,'ret-246'),(247,69,16,20,'2019-04-26',2,'ret-247'),(248,45,2,30,'2019-04-26',1,'ing-248'),(249,108,16,10,'2019-04-26',2,'ret-249'),(250,64,10,20,'2019-04-26',1,'ing-250'),(251,175,11,20,'2019-04-26',1,'ing-251'),(252,169,10,30,'2019-04-26',2,'ret-252'),(253,152,10,30,'2019-04-26',1,'ing-253'),(254,107,12,10,'2019-04-26',1,'ing-254'),(255,175,8,30,'2019-04-26',1,'ing-255'),(256,142,15,30,'2019-04-26',1,'ing-256'),(257,9,15,30,'2019-04-26',1,'ing-257'),(258,160,13,30,'2019-04-26',2,'ret-258'),(259,83,16,20,'2019-04-26',2,'ret-259'),(260,56,10,20,'2019-04-26',2,'ret-260'),(261,130,5,20,'2019-04-26',1,'ing-261'),(262,131,10,30,'2019-04-26',2,'ret-262'),(263,146,9,20,'2019-04-26',2,'ret-263'),(264,68,12,30,'2019-04-26',2,'ret-264'),(265,197,12,20,'2019-04-26',2,'ret-265'),(266,172,14,30,'2019-04-26',2,'ret-266'),(267,29,5,20,'2019-04-26',1,'ing-267'),(268,75,3,20,'2019-04-26',1,'ing-268'),(269,20,16,10,'2019-04-26',2,'ret-269'),(270,44,16,30,'2019-04-26',1,'ing-270'),(271,11,2,10,'2019-04-26',1,'ing-271'),(272,23,10,10,'2019-04-12',1,'ing-272'),(273,152,9,20,'2019-04-12',1,'ing-273'),(274,38,13,20,'2019-04-12',2,'ret-274'),(275,11,2,20,'2019-04-12',1,'ing-275'),(276,118,15,10,'2019-04-12',2,'ret-276'),(277,103,8,10,'2019-04-12',2,'ret-277'),(278,48,9,10,'2019-04-12',1,'ing-278'),(279,6,8,30,'2019-04-12',1,'ing-279'),(280,114,3,30,'2019-04-12',1,'ing-280'),(281,87,13,30,'2019-04-12',2,'ret-281'),(282,124,4,10,'2019-04-12',2,'ret-282'),(283,106,1,30,'2019-04-12',1,'ing-283'),(284,66,6,20,'2019-04-12',1,'ing-284'),(285,41,2,10,'2019-04-12',1,'ing-285'),(286,10,13,20,'2019-04-12',2,'ret-286'),(287,123,16,10,'2019-04-12',1,'ing-287'),(288,32,16,20,'2019-04-12',1,'ing-288'),(289,168,8,10,'2019-04-12',2,'ret-289'),(290,133,13,10,'2019-04-12',1,'ing-290'),(291,39,16,20,'2019-04-12',1,'ing-291'),(292,113,14,30,'2019-04-12',2,'ret-292'),(293,192,16,30,'2019-04-12',2,'ret-293'),(294,5,6,30,'2019-04-12',1,'ing-294'),(295,135,3,10,'2019-04-12',1,'ing-295'),(296,106,11,10,'2019-04-12',1,'ing-296'),(297,36,8,10,'2019-04-12',2,'ret-297'),(298,80,1,30,'2019-04-12',1,'ing-298'),(299,72,4,10,'2019-04-12',1,'ing-299'),(300,131,9,30,'2019-04-12',1,'ing-300'),(301,181,5,30,'2019-04-12',1,'ing-301'),(302,196,1,30,'2019-04-12',2,'ret-302'),(303,156,10,30,'2019-04-12',1,'ing-303'),(304,10,10,30,'2019-04-12',2,'ret-304'),(305,185,1,10,'2019-04-12',1,'ing-305'),(306,178,11,30,'2019-04-12',1,'ing-306'),(307,49,11,10,'2019-04-12',2,'ret-307'),(308,21,7,30,'2019-04-12',2,'ret-308'),(309,186,6,30,'2019-04-19',1,'ing-309'),(310,53,1,30,'2019-04-19',2,'ret-310'),(311,67,16,10,'2019-04-19',1,'ing-311'),(312,104,7,10,'2019-04-19',1,'ing-312'),(313,98,10,10,'2019-04-19',1,'ing-313'),(314,121,14,10,'2019-04-19',2,'ret-314'),(315,124,12,10,'2019-04-19',1,'ing-315'),(316,127,12,10,'2019-04-19',1,'ing-316'),(317,127,8,30,'2019-04-19',1,'ing-317'),(318,150,11,30,'2019-04-19',1,'ing-318'),(319,128,4,20,'2019-04-19',1,'ing-319'),(320,54,15,20,'2019-04-19',2,'ret-320'),(321,163,13,30,'2019-04-19',1,'ing-321'),(322,33,4,10,'2019-04-19',1,'ing-322'),(323,65,11,10,'2019-04-19',1,'ing-323'),(324,30,15,20,'2019-04-19',2,'ret-324'),(325,73,11,20,'2019-04-19',2,'ret-325'),(326,132,8,20,'2019-04-19',1,'ing-326'),(327,89,2,20,'2019-04-19',1,'ing-327'),(328,164,8,20,'2019-04-19',1,'ing-328'),(329,127,14,10,'2019-04-19',1,'ing-329'),(330,87,6,10,'2019-04-19',1,'ing-330'),(331,175,5,30,'2019-04-19',2,'ret-331'),(332,14,9,10,'2019-04-19',2,'ret-332'),(333,54,15,10,'2019-04-19',2,'ret-333'),(334,108,9,30,'2019-04-19',2,'ret-334'),(335,8,12,30,'2019-04-19',2,'ret-335'),(336,30,11,10,'2019-04-19',2,'ret-336'),(337,129,6,30,'2019-04-19',2,'ret-337'),(338,84,16,20,'2019-04-19',1,'ing-338'),(339,69,11,10,'2019-04-19',1,'ing-339'),(340,98,14,10,'2019-04-19',2,'ret-340'),(341,151,7,30,'2019-04-19',1,'ing-341'),(342,43,9,20,'2019-04-19',1,'ing-342'),(343,30,7,10,'2019-04-19',2,'ret-343'),(344,71,6,10,'2019-04-19',1,'ing-344'),(345,194,13,20,'2019-04-19',1,'ing-345'),(346,73,11,10,'2019-04-19',1,'ing-346'),(347,2,1,20,'2019-04-19',2,'ret-347'),(348,22,2,20,'2019-04-19',2,'ret-348'),(349,113,2,20,'2019-04-19',2,'ret-349'),(350,142,11,20,'2019-04-19',2,'ret-350'),(351,5,8,20,'2019-04-19',2,'ret-351'),(352,132,6,10,'2019-04-19',2,'ret-352'),(353,43,11,30,'2019-04-19',1,'ing-353'),(354,124,1,10,'2019-04-19',2,'ret-354'),(355,75,12,10,'2019-04-19',1,'ing-355'),(356,36,14,30,'2019-04-19',2,'ret-356'),(357,50,9,10,'2019-04-19',1,'ing-357'),(358,80,5,30,'2019-04-19',1,'ing-358'),(359,73,7,10,'2019-04-19',1,'ing-359'),(360,137,1,20,'2019-04-19',1,'ing-360'),(361,166,16,10,'2019-04-19',1,'ing-361'),(362,35,12,20,'2019-04-19',1,'ing-362'),(363,21,6,20,'2019-04-19',2,'ret-363'),(364,195,4,30,'2019-04-19',2,'ret-364'),(365,43,15,10,'2019-04-19',1,'ing-365'),(366,92,14,30,'2019-04-19',1,'ing-366'),(367,68,11,20,'2019-04-19',2,'ret-367'),(368,50,12,10,'2019-04-19',2,'ret-368'),(369,153,4,10,'2019-04-19',1,'ing-369'),(370,60,13,30,'2019-04-19',1,'ing-370'),(371,137,6,20,'2019-04-19',2,'ret-371'),(372,108,3,30,'2019-04-19',1,'ing-372'),(373,57,12,30,'2019-04-19',1,'ing-373'),(374,131,10,20,'2019-04-19',2,'ret-374'),(375,129,9,10,'2019-04-19',2,'ret-375'),(376,18,9,20,'2019-04-19',2,'ret-376'),(377,128,2,30,'2019-04-19',2,'ret-377'),(378,26,9,30,'2019-04-25',1,'ing-378'),(379,11,4,30,'2019-04-25',2,'ret-379'),(380,131,4,30,'2019-04-25',1,'ing-380'),(381,12,6,20,'2019-04-25',1,'ing-381'),(382,20,13,30,'2019-04-25',1,'ing-382'),(383,59,7,10,'2019-04-25',2,'ret-383'),(384,72,15,20,'2019-04-25',1,'ing-384'),(385,87,8,10,'2019-04-25',2,'ret-385'),(386,44,12,20,'2019-04-25',1,'ing-386'),(387,119,5,10,'2019-04-25',1,'ing-387'),(388,24,9,10,'2019-04-25',1,'ing-388'),(389,20,2,10,'2019-04-25',1,'ing-389'),(390,179,12,10,'2019-04-25',1,'ing-390'),(391,37,7,20,'2019-04-25',1,'ing-391'),(392,37,15,30,'2019-04-25',1,'ing-392'),(393,195,6,10,'2019-04-25',1,'ing-393'),(394,43,4,20,'2019-04-25',1,'ing-394'),(395,54,9,30,'2019-04-25',2,'ret-395'),(396,69,8,10,'2019-04-25',1,'ing-396'),(397,183,9,20,'2019-04-25',2,'ret-397'),(398,33,9,20,'2019-04-25',2,'ret-398'),(399,194,16,30,'2019-04-25',1,'ing-399'),(400,57,12,20,'2019-04-25',1,'ing-400'),(401,82,11,20,'2019-04-25',2,'ret-401'),(402,45,15,20,'2019-04-25',2,'ret-402'),(403,26,7,10,'2019-04-25',2,'ret-403'),(404,144,1,20,'2019-04-25',2,'ret-404'),(405,10,5,20,'2019-04-25',2,'ret-405'),(406,139,12,20,'2019-04-25',1,'ing-406'),(407,179,2,30,'2019-04-25',2,'ret-407'),(408,60,13,30,'2019-04-25',1,'ing-408'),(409,17,11,20,'2019-04-25',1,'ing-409'),(410,162,3,10,'2019-04-25',1,'ing-410'),(411,145,2,30,'2019-04-25',1,'ing-411'),(412,195,8,10,'2019-04-25',2,'ret-412'),(413,39,8,30,'2019-04-25',2,'ret-413'),(414,50,4,30,'2019-04-25',1,'ing-414'),(415,148,5,20,'2019-04-25',1,'ing-415'),(416,96,6,30,'2019-04-25',1,'ing-416'),(417,124,13,10,'2019-04-25',2,'ret-417'),(418,121,6,30,'2019-04-25',1,'ing-418'),(419,64,8,30,'2019-04-25',1,'ing-419'),(420,139,10,20,'2019-04-25',2,'ret-420'),(421,18,15,30,'2019-04-25',1,'ing-421'),(422,20,5,20,'2019-04-25',1,'ing-422'),(423,172,11,20,'2019-04-25',1,'ing-423'),(424,52,7,20,'2019-04-25',1,'ing-424'),(425,121,16,10,'2019-04-28',2,'ret-425'),(426,104,6,30,'2019-04-28',2,'ret-426'),(427,176,13,10,'2019-04-28',1,'ing-427'),(428,101,8,20,'2019-04-28',2,'ret-428'),(429,73,15,20,'2019-04-28',1,'ing-429'),(430,40,9,30,'2019-04-28',2,'ret-430'),(431,60,6,10,'2019-04-28',2,'ret-431'),(432,109,11,30,'2019-04-28',2,'ret-432'),(433,84,7,10,'2019-04-28',1,'ing-433'),(434,175,12,20,'2019-04-28',2,'ret-434'),(435,11,2,30,'2019-04-28',2,'ret-435'),(436,164,7,20,'2019-04-28',2,'ret-436'),(437,125,4,20,'2019-04-28',2,'ret-437'),(438,164,5,30,'2019-04-28',2,'ret-438'),(439,185,7,10,'2019-04-28',1,'ing-439'),(440,103,1,20,'2019-04-28',2,'ret-440'),(441,11,3,10,'2019-04-28',1,'ing-441'),(442,137,10,10,'2019-04-28',2,'ret-442'),(443,55,5,30,'2019-04-28',1,'ing-443'),(444,192,2,30,'2019-04-28',1,'ing-444'),(445,184,16,10,'2019-04-28',2,'ret-445'),(446,50,3,20,'2019-04-28',2,'ret-446'),(447,79,4,20,'2019-04-28',2,'ret-447'),(448,12,2,20,'2019-04-28',1,'ing-448'),(449,181,2,10,'2019-04-28',1,'ing-449'),(450,104,11,10,'2019-04-28',2,'ret-450'),(451,60,1,20,'2019-04-28',2,'ret-451'),(452,42,13,10,'2019-04-28',1,'ing-452'),(453,13,14,10,'2019-04-28',1,'ing-453'),(454,166,7,30,'2019-04-28',1,'ing-454'),(455,147,16,30,'2019-04-28',2,'ret-455'),(456,34,8,30,'2019-04-28',1,'ing-456'),(457,196,5,10,'2019-04-28',2,'ret-457'),(458,105,10,20,'2019-04-28',1,'ing-458'),(459,127,5,30,'2019-04-28',2,'ret-459'),(460,86,7,10,'2019-04-28',1,'ing-460'),(461,198,2,30,'2019-04-28',1,'ing-461'),(462,128,1,10,'2019-04-28',1,'ing-462'),(463,116,9,10,'2019-04-28',2,'ret-463'),(464,173,14,10,'2019-04-28',1,'ing-464'),(465,21,12,20,'2019-04-28',1,'ing-465'),(466,67,2,20,'2019-04-28',2,'ret-466'),(467,137,16,20,'2019-04-28',2,'ret-467'),(468,31,6,10,'2019-04-28',2,'ret-468'),(469,183,13,10,'2019-04-28',1,'ing-469'),(470,176,10,30,'2019-04-28',1,'ing-470'),(471,77,6,10,'2019-04-28',2,'ret-471'),(472,80,12,10,'2019-04-28',1,'ing-472'),(473,163,10,30,'2019-04-28',1,'ing-473'),(474,164,2,20,'2019-04-28',1,'ing-474'),(475,192,3,20,'2019-04-28',1,'ing-475'),(476,139,7,20,'2019-04-28',2,'ret-476'),(477,155,4,30,'2019-04-28',1,'ing-477'),(478,175,8,10,'2019-04-28',1,'ing-478'),(479,40,5,20,'2019-04-28',2,'ret-479'),(480,23,12,10,'2019-04-28',2,'ret-480'),(481,105,13,20,'2019-04-28',2,'ret-481'),(482,66,1,30,'2019-04-28',1,'ing-482'),(483,146,10,20,'2019-04-28',1,'ing-483'),(484,79,16,10,'2019-04-28',1,'ing-484'),(485,183,1,10,'2019-04-28',1,'ing-485'),(486,74,15,30,'2019-04-28',1,'ing-486'),(487,1,16,10,'2019-04-28',2,'ret-487'),(488,126,4,10,'2019-04-28',1,'ing-488'),(489,33,6,30,'2019-04-28',2,'ret-489'),(490,8,13,10,'2019-04-28',1,'ing-490'),(491,86,5,20,'2019-04-28',2,'ret-491'),(492,179,3,10,'2019-04-28',2,'ret-492'),(493,165,11,20,'2019-04-28',1,'ing-493'),(494,41,9,10,'2019-04-28',2,'ret-494'),(495,75,5,20,'2019-04-28',1,'ing-495'),(496,73,5,20,'2019-04-28',1,'ing-496'),(497,166,13,20,'2019-04-28',2,'ret-497'),(498,65,13,30,'2019-05-12',1,'ing-498'),(499,129,6,30,'2019-05-12',2,'ret-499'),(500,1,11,20,'2019-05-12',2,'ret-500'),(501,69,12,10,'2019-05-12',1,'ing-501'),(502,133,4,20,'2019-05-12',2,'ret-502'),(503,186,1,20,'2019-05-12',1,'ing-503'),(504,99,1,10,'2019-05-12',1,'ing-504'),(505,137,2,20,'2019-05-12',2,'ret-505'),(506,13,2,30,'2019-05-12',2,'ret-506'),(507,54,9,10,'2019-05-12',1,'ing-507'),(508,136,7,30,'2019-05-12',1,'ing-508'),(509,5,15,10,'2019-05-12',2,'ret-509'),(510,160,12,10,'2019-05-12',2,'ret-510'),(511,79,8,10,'2019-05-12',1,'ing-511'),(512,154,10,20,'2019-05-12',1,'ing-512'),(513,95,8,30,'2019-05-12',1,'ing-513'),(514,88,6,20,'2019-05-12',2,'ret-514'),(515,184,5,30,'2019-05-12',1,'ing-515'),(516,122,10,10,'2019-05-12',2,'ret-516'),(517,67,6,30,'2019-05-12',1,'ing-517'),(518,186,4,20,'2019-05-12',2,'ret-518'),(519,161,2,10,'2019-05-12',2,'ret-519'),(520,58,3,30,'2019-05-12',1,'ing-520'),(521,154,13,10,'2019-05-12',1,'ing-521'),(522,145,15,10,'2019-05-12',1,'ing-522'),(523,73,5,20,'2019-05-12',2,'ret-523'),(524,71,8,10,'2019-05-12',1,'ing-524'),(525,173,10,20,'2019-05-12',1,'ing-525'),(526,54,12,20,'2019-05-12',2,'ret-526'),(527,19,12,10,'2019-05-12',2,'ret-527'),(528,62,13,20,'2019-05-12',2,'ret-528'),(529,177,14,20,'2019-05-12',2,'ret-529'),(530,105,3,30,'2019-05-12',1,'ing-530'),(531,106,2,30,'2019-05-12',2,'ret-531'),(532,163,1,20,'2019-05-12',2,'ret-532'),(533,53,11,10,'2019-05-12',1,'ing-533'),(534,56,8,30,'2019-05-12',1,'ing-534'),(535,119,6,10,'2019-05-12',2,'ret-535'),(536,171,13,10,'2019-05-12',1,'ing-536'),(537,185,7,30,'2019-05-12',2,'ret-537'),(538,58,7,30,'2019-05-12',1,'ing-538'),(539,43,11,20,'2019-05-12',2,'ret-539'),(540,92,5,30,'2019-05-12',1,'ing-540'),(541,55,6,20,'2019-05-12',1,'ing-541'),(542,61,2,30,'2019-05-12',1,'ing-542'),(543,159,9,30,'2019-05-12',2,'ret-543'),(544,95,6,20,'2019-05-12',2,'ret-544'),(545,91,10,30,'2019-05-12',2,'ret-545'),(546,9,14,20,'2019-05-12',1,'ing-546'),(547,18,6,20,'2019-05-10',1,'ing-547'),(548,139,10,20,'2019-05-10',2,'ret-548'),(549,6,2,10,'2019-05-10',2,'ret-549'),(550,9,2,30,'2019-05-10',1,'ing-550'),(551,98,7,20,'2019-05-10',2,'ret-551'),(552,7,12,10,'2019-05-10',1,'ing-552'),(553,152,11,20,'2019-05-10',2,'ret-553'),(554,171,8,20,'2019-05-10',1,'ing-554'),(555,91,9,30,'2019-05-10',2,'ret-555'),(556,92,16,10,'2019-05-10',2,'ret-556'),(557,177,6,10,'2019-05-10',2,'ret-557'),(558,140,12,20,'2019-05-10',2,'ret-558'),(559,26,10,30,'2019-05-10',1,'ing-559'),(560,40,6,10,'2019-05-10',1,'ing-560'),(561,56,4,30,'2019-05-10',2,'ret-561'),(562,67,2,10,'2019-05-10',1,'ing-562'),(563,127,6,20,'2019-05-10',1,'ing-563'),(564,103,12,10,'2019-05-10',1,'ing-564'),(565,32,13,10,'2019-05-10',2,'ret-565'),(566,80,1,30,'2019-05-10',2,'ret-566'),(567,92,8,30,'2019-05-10',2,'ret-567'),(568,36,7,20,'2019-05-10',2,'ret-568'),(569,11,4,30,'2019-05-10',2,'ret-569'),(570,125,12,20,'2019-05-10',2,'ret-570'),(571,156,3,10,'2019-05-10',1,'ing-571'),(572,27,10,20,'2019-05-10',1,'ing-572'),(573,104,6,20,'2019-05-10',1,'ing-573'),(574,80,14,10,'2019-05-10',2,'ret-574'),(575,182,8,10,'2019-05-10',2,'ret-575'),(576,107,1,20,'2019-05-10',1,'ing-576'),(577,89,14,30,'2019-05-10',2,'ret-577'),(578,34,10,30,'2019-05-10',1,'ing-578'),(579,154,2,20,'2019-05-10',1,'ing-579'),(580,39,12,30,'2019-05-10',1,'ing-580'),(581,127,10,30,'2019-05-10',2,'ret-581'),(582,3,3,10,'2019-05-10',2,'ret-582'),(583,193,11,20,'2019-05-10',2,'ret-583'),(584,147,3,20,'2019-05-10',2,'ret-584'),(585,117,6,20,'2019-05-10',2,'ret-585'),(586,93,16,20,'2019-05-10',2,'ret-586'),(587,111,12,20,'2019-05-10',1,'ing-587'),(588,14,5,10,'2019-05-10',1,'ing-588'),(589,200,11,10,'2019-05-10',2,'ret-589'),(590,147,11,20,'2019-05-10',1,'ing-590'),(591,121,12,10,'2019-05-10',2,'ret-591'),(592,3,1,30,'2019-05-10',1,'ing-592'),(593,91,13,10,'2019-05-10',2,'ret-593'),(594,161,8,30,'2019-05-10',1,'ing-594'),(595,168,15,10,'2019-05-13',1,'ing-595'),(596,166,4,30,'2019-05-13',1,'ing-596'),(597,129,16,30,'2019-05-13',1,'ing-597'),(598,112,8,10,'2019-05-13',1,'ing-598'),(599,79,14,20,'2019-05-13',2,'ret-599'),(600,135,14,30,'2019-05-13',2,'ret-600'),(601,45,15,20,'2019-05-13',2,'ret-601'),(602,64,15,10,'2019-05-13',2,'ret-602'),(603,92,11,10,'2019-05-13',1,'ing-603'),(604,83,11,30,'2019-05-13',2,'ret-604'),(605,62,1,30,'2019-05-13',1,'ing-605'),(606,89,14,10,'2019-05-13',1,'ing-606'),(607,108,13,10,'2019-05-13',2,'ret-607'),(608,195,5,10,'2019-05-13',2,'ret-608'),(609,54,11,10,'2019-05-13',1,'ing-609'),(610,1,15,30,'2019-05-13',2,'ret-610'),(611,47,3,20,'2019-05-13',1,'ing-611'),(612,115,15,30,'2019-05-13',1,'ing-612'),(613,48,8,30,'2019-05-13',2,'ret-613'),(614,102,1,30,'2019-05-13',2,'ret-614'),(615,156,9,10,'2019-05-13',1,'ing-615'),(616,60,10,30,'2019-05-13',1,'ing-616'),(617,6,12,30,'2019-05-13',2,'ret-617'),(618,20,15,30,'2019-05-13',1,'ing-618'),(619,159,14,20,'2019-05-13',2,'ret-619'),(620,8,6,30,'2019-05-13',2,'ret-620'),(621,149,13,30,'2019-05-13',2,'ret-621'),(622,73,4,10,'2019-05-13',2,'ret-622'),(623,136,3,30,'2019-05-13',1,'ing-623'),(624,36,7,20,'2019-05-13',1,'ing-624'),(625,166,14,10,'2019-05-13',1,'ing-625'),(626,93,9,30,'2019-05-13',1,'ing-626'),(627,51,14,20,'2019-05-13',2,'ret-627'),(628,5,10,30,'2019-05-13',2,'ret-628'),(629,125,16,30,'2019-05-13',2,'ret-629'),(630,130,9,10,'2019-05-13',2,'ret-630'),(631,61,6,30,'2019-05-13',1,'ing-631'),(632,82,7,20,'2019-05-13',1,'ing-632'),(633,121,10,30,'2019-05-13',1,'ing-633'),(634,149,2,30,'2019-05-13',2,'ret-634'),(635,27,16,20,'2019-05-13',1,'ing-635'),(636,122,4,10,'2019-05-13',2,'ret-636'),(637,149,12,30,'2019-05-13',2,'ret-637'),(638,58,2,30,'2019-05-13',2,'ret-638'),(639,83,4,10,'2019-05-13',2,'ret-639'),(640,51,16,10,'2019-05-13',2,'ret-640'),(641,98,8,10,'2019-05-13',2,'ret-641'),(642,156,2,30,'2019-05-13',1,'ing-642'),(643,127,4,30,'2019-05-13',1,'ing-643');

/*Table structure for table `productos` */

DROP TABLE IF EXISTS `productos`;

CREATE TABLE `productos` (
  `num` int(11) NOT NULL AUTO_INCREMENT,
  `codigo` varchar(100) DEFAULT NULL,
  `detalle` varchar(500) DEFAULT NULL,
  `volumen` decimal(5,2) DEFAULT NULL,
  `cliente` int(11) DEFAULT NULL,
  PRIMARY KEY (`num`),
  KEY `cliente` (`cliente`),
  CONSTRAINT `productos_ibfk_1` FOREIGN KEY (`cliente`) REFERENCES `clientes` (`num`)
) ENGINE=InnoDB AUTO_INCREMENT=309 DEFAULT CHARSET=latin1;

/*Data for the table `productos` */

insert  into `productos`(num,codigo,detalle,volumen,cliente) values (1,'BANDEJA','LEXMARK - 35S0567','1.00',3),(2,'BANDEJA','LEXMARK - 40G0802','1.00',4),(3,'C544DN','LEXMARK - C544DN','1.00',4),(4,'CH1 9966-B','CISCO - 1PISR4331/K9','1.00',4),(5,'CH105542','CISCO - 1PWS-C2960X-24PS-L','1.00',5),(6,'CH105542','CISCO - 1PCISCO1941/K9','1.00',5),(7,'CH105542','CISCO - 1PEHWIC-4ESG=','1.00',1),(8,'CH105542','CISCO - 1PWS-C3650-24TS-L','1.00',3),(9,'CH105614','CISCO - AIR-CAP7021-A-K9','1.00',2),(10,'CH105865','CISCO - 1PEHWIC-4ESG=','1.00',1),(11,'CH106343','CISCO - 1PCISCO2901/K9','1.00',2),(12,'CH106412','CISCO - 1PAIR-SAP1602I-A-K9','1.00',3),(13,'CH106413','CISCO - 1PWS-C2960+48PST-S','1.00',2),(14,'CH106978','FORTINET  - FG-50E-BDL-900-36','1.00',2),(15,'CH106978','FORTINET  - FG-30E-BDL-900-36','1.00',3),(16,'CH107224','CISCO - 1PPWR-125W-AC=','1.00',2),(17,'CH107456','CISCO - 1PWS-C2960X-48LPS-L','1.00',3),(18,'CH108109','CISCO - 1PWS-C3650-24TS-E','1.00',4),(19,'CH108122','CISCO - 1PSPA504G','1.00',4),(20,'CH108122','CISCO - 1PSPA508G','1.00',5),(21,'CH108122','CISCO - 1PSPA500DS','1.00',1),(22,'CH108551','CISCO - 1PEHWIC-4ESG=','1.00',2),(23,'CH108788','CISCO - 1PC899G-LTE-LA-K9','1.00',3),(24,'CH108938','CISCO - 1PC881-K9','1.00',3),(25,'CH108939','CISCO - 1PC881-K9','1.00',4),(26,'CH108939','CISCO - 1PCISCO2901/K9','1.00',4),(27,'CH108983','FORTINET  - FG-60E-BDL','1.00',2),(28,'CH109010','FORTINET  - FAZ-400E','1.00',2),(29,'CH109111','CISCO - 1PCISCO3925-SEC/K9','1.00',1),(30,'CH109158','FORTINET  - FG-60E-BDL','1.00',1),(31,'CH109158','FORTINET  - FG-100E-BDL','1.00',2),(32,'CH109212','CISCO - 1PCISCO2901-V/K9','1.00',5),(33,'CH109212','CISCO - PVDM-64=','1.00',2),(34,'CH109212','CISCO - VWIC3-2MFT-T1/E1=','1.00',3),(35,'CH109213','CISCO - 1PCISCO2911/K9','1.00',3),(36,'CH109230','CISCO - 1PCISCO1941-SEC/K9','1.00',3),(37,'CH109230','CISCO - 1PEHWIC-4ESG-P=','1.00',5),(38,'CH109232','CISCO - 1PEHWIC-4ESG-P=','1.00',5),(39,'CH109232','CISCO - 1PCISCO1941-SEC/K9','1.00',3),(40,'CH109234','MERAKI - MR33-HW','1.00',3),(41,'CH109248','CISCO - 1PCISCO2951-V/K9','1.00',5),(42,'CH109248','CISCO - BE6M-M4-K9=','1.00',4),(43,'CH109248','CISCO - CP-7811-K9=','1.00',5),(44,'CH109248','CISCO - WS-C2960+24PC-L','1.00',5),(45,'CH109248','CISCO - WS-C2960CPD8PT-L','1.00',3),(46,'CH109248','CISCO - WS-C2960X24TS-L','1.00',5),(47,'CH109248','CISCO - GLC-SX-MMD=','1.00',3),(48,'CH109248','CISCO - C881-K9','1.00',4),(49,'CH109248','CISCO - CISCO2901/K9','1.00',2),(50,'CH109248','CISCO - CP-8845-K9=','1.00',1),(51,'CH109248','CISCO - CP-8841-K9=','1.00',4),(52,'CH109291','DELL - DELL70444589','1.00',1),(53,'CH109344','VERITA - 17939-M4211','1.00',3),(54,'CH109367','CISCO - 1PISR4431/K9','1.00',1),(55,'CH109420','DELL - DELL60016268 82V01','1.00',1),(56,'CH109434','CISCO - 1PISR4451-X-AX/K9','1.00',1),(57,'CH109436','CISCO - 1PISR4331/K9','1.00',4),(58,'CH109469','CISCO - 1PWS-C3850-24T-L','1.00',3),(59,'CH109476','CISCO - CISCO2901/K9','1.00',2),(60,'CH109476','CISCO - C881-K9','1.00',3),(61,'CH109476','CISCO - CISCO2951/K9','1.00',4),(62,'CH109485','CISCO - 1PAIR-AP1852E-A-K9','1.00',1),(63,'CH109485','CISCO - 1PASA5508-K9','1.00',3),(64,'CH109485','CISCO - 1PWS-C3850-24T-S','1.00',1),(65,'CH109485','CISCO - 1PAIR-CT2504-5-K9','1.00',1),(66,'CH109491','CISCO - AIR-AP2802IA-K9','1.00',2),(67,'CH109500','CISCO - 1PWS-C3650-24TD-E','1.00',4),(68,'CH109500','CISCO - 1PWS-C2960+24PC-L','1.00',5),(69,'CH109500','CISCO - 1PWS-C2960+24TC-L','1.00',2),(70,'CH109501','CISCO - 1PGLC-TE=','1.00',2),(71,'CH109501','CISCO - 1PGLC-LH-SMD=','1.00',5),(72,'CH109501','CISCO - 1PGLC-SX-MMD=','1.00',4),(73,'CH109501','CISCO - 1PWS-C2960X-48FPS-L','1.00',5),(74,'CH109501','CISCO - WS-C2960X24PS-L','1.00',4),(75,'CH109501','CISCO - GLC-SX-MMD=','1.00',5),(76,'CH109501','CISCO - GLC-TE=','1.00',1),(77,'CH109501','CISCO - CISCO2901/K9','1.00',2),(78,'CH109502','CISCO - 1PC881-K9','1.00',5),(79,'CH109524','CISCO - 1PCISCO2911/K9','1.00',5),(80,'CH109537','CISCO - 1PWS-C2960X-48FPS-L','1.00',2),(81,'CH109539','DELL - DELL74149223 1','1.00',5),(82,'CH109541','CISCO - 1PC892FSP-K9','1.00',1),(83,'CH109545','CISCO - 1PISR4331/K9','1.00',5),(84,'CH109545','CISCO - 1PISR4321/K9','1.00',1),(85,'CH109546','CISCO - 1PISR4321/K9','1.00',4),(86,'CH109546','CISCO - 1PISR4331/K9','1.00',1),(87,'CH109556','DELL - DELL60015532 04V02','1.00',4),(88,'CH109572','CISCO - 1PCISCO1941-SEC/K9','1.00',4),(89,'CH109575','DELL - 399HBM2','1.00',4),(90,'CH109575','DELL - DELL STORAGE NX3230','1.00',4),(91,'CH109592','DELL - 9WMSBM2','1.00',4),(92,'CH109618','CISCO - 1PWS-C2960-12PC-L','1.00',1),(93,'CH109645','FORTINET - FG-1000D','1.00',5),(94,'CH109649','DELL - E2216H','1.00',3),(95,'CH109649','DELL - BLLCBM2','1.00',2),(96,'CH109649','DELL - BLL9BM2','1.00',3),(97,'CH109649','DELL - BLKK8M2','1.00',2),(98,'CH109649','DELL - BLJK8M2','1.00',3),(99,'CH109649','DELL - BLKBBM2','1.00',4),(100,'CH109649','DELL - BLLBBM2','1.00',2),(101,'CH109649','DELL - BLJBBM2','1.00',1),(102,'CH109649','DELL - BLKJ8M2','1.00',3),(103,'CH109649','DELL - BLKH8M2','1.00',5),(104,'CH109649','DELL - BLJJ8M2','1.00',4),(105,'CH109649','DELL - BLJCBM2','1.00',4),(106,'CH109649','DELL - BLJH8M2','1.00',3),(107,'CH109649','DELL - BLLG8M2','1.00',4),(108,'CH109649','DELL - BLKCBM2','1.00',4),(109,'CH109649','DELL - BLK9BM2','1.00',1),(110,'CH109649','DELL - DELL74186330 7','1.00',4),(111,'CH109650','DELL - DELL741863769','1.00',1),(112,'CH109653','CISCO - 1PISR4331/K9','1.00',1),(113,'CH109653','CISCO - 1PISR4431/K9','1.00',2),(114,'CH109660','DELL - CH109660','1.00',4),(115,'CH109669','CISCO - C819G-LTELA-K9','1.00',1),(116,'CH109675','CISCO - 1PWS-C2960+48TC-S','1.00',1),(117,'CH109676','CISCO - 1PWS-C2960C-12PC-L','1.00',2),(118,'CH109678','CISCO - 1PQSFP-40G-SR4=','1.00',4),(119,'CH109678','CISCO - 1PSFP-10G-SR=','1.00',4),(120,'CH109678','CISCO - 1PGLC-SX-MMD=','1.00',5),(121,'CH109678','CISCO - 1PWS-C3850-12S-S','1.00',3),(122,'CH109678','CISCO - 1PWS-C3850-24XU-S','1.00',5),(123,'CH109678','CISCO - 1PC3850-NM-4-10G=','1.00',3),(124,'CH109682','FORTINET - FG-100E-BDL','1.00',5),(125,'CH109682','FORTINET - FG-60E-BDL','1.00',1),(126,'CH109682','FORTINET - FG-200E-BDL-900-36','1.00',2),(127,'CH109684','FORTINET - FG-100E-BDL-900-36','1.00',5),(128,'CH109684','FORTINET - FG-200E-BDL-900-36','1.00',4),(129,'CH109684','FORTINET - FG-300E-BDL-900-36','1.00',4),(130,'CH109687','MERAKI - MERAKI MR 802','1.00',2),(131,'CH109699','FORTINET - FS-124D','1.00',2),(132,'CH109701','CISCO - 1PISR4321-V/K9','1.00',3),(133,'CH109701','CISCO - 1PCP-7821-K9=','1.00',2),(134,'CH109701','CISCO - 1PCP-8841-K9=','1.00',3),(135,'CH109701','CISCO - BE6M-M4-K9=','1.00',4),(136,'CH109706','FORTINET - FAP-221B-N','1.00',2),(137,'CH109706','FORTINET - GPI-115','1.00',5),(138,'CH109708','MERAKI - MS225-48FPHW','1.00',3),(139,'CH109712','FORTINET - FG-500E-BDL-974-12','1.00',2),(140,'CH109712','FORTINET - FG-TRAN-SFP+SR','1.00',5),(141,'CH109712','FORTINET - FG-60E-BDL-974-12','1.00',5),(142,'CH109714','FORTINET - FG-100E-BDL-900-36','1.00',5),(143,'CH109722','FORTINET - FG-200E-BDL-900-36','1.00',1),(144,'CH109727','CISCO - AIR-CAP1532E-A-K9','1.00',3),(145,'CH109727','CISCO - 1PAIR-AP1562E-A-K9','1.00',2),(146,'CH109731','FORTINET - FG-800D-BDL-950-36','1.00',1),(147,'CH109732','FORTINET - FG-300D-BDL-900-60','1.00',3),(148,'CH109734','FORTINET - FG-200D-BDL-900-36','1.00',4),(149,'CH109745','CISCO - 1PSPA122','1.00',1),(150,'CH109745','CISCO - 1PISR4321/K9','1.00',5),(151,'CH109757','FORTINET - FG-300D-BDL-900-36','1.00',2),(152,'CH109758','FORTINET - FG-1000D-BDL-900-36','1.00',3),(153,'CH109764','CISCO - 1PLIC-CT5520-UPG','1.00',3),(154,'CH109774','FORTINET - FG-200E-BDL','1.00',4),(155,'CH109776','DELL - DELL70971389','1.00',4),(156,'CH109794','DELL - 5T8ZBM2','1.00',2),(157,'CH109796','FORTINET - FAP-221C-N','1.00',3),(158,'CH109812','FORTINET - FG-90D-BDL','1.00',3),(159,'CH109825','DABERGY - RPS-ADPTR2921-51=','1.00',2),(160,'CH109834','FORTINET - FS-424D','1.00',5),(161,'CH109834','FORTINET - FS-124E','1.00',5),(162,'CH109834','FORTINET - FG-TRAN-SF+SR','1.00',2),(163,'CH109851','FORTINET - FG-240D-BDL','1.00',2),(164,'CH109854','DELL - DELLX9360I7T 1651SW10P','1.00',2),(165,'CH109885','DELL - DELLF617N','1.00',4),(166,'CH109891','DELL - CH109891','1.00',4),(167,'CH109898','DELL - CH109898','1.00',5),(168,'CH109899','DELL - DELL71115443','1.00',4),(169,'CH109902','CISCO - WS-C2960X24TS-L','1.00',1),(170,'CH109907','DELL - PRECISION R7910','1.00',2),(171,'CH109907','DELL - CH109907','1.00',3),(172,'CH109908','DELL - CH109908','1.00',3),(173,'CH109909','DELL - CH109909','1.00',4),(174,'CH109912','CISCO - 1PISR4321/K9','1.00',4),(175,'CH109914','FORTINET - FG-100E','1.00',2),(176,'CH109926','FORTINET - FG-90D-BDL','1.00',5),(177,'CH109934','DELL - CH109934','1.00',2),(178,'CH109940','FORTINET - FG-60E-BDL-900-36','1.00',4),(179,'CH109941','FORTINET - FG-60E-BDL-900-36','1.00',1),(180,'CH109945','FORTINET - FG-100E','1.00',5),(181,'CH109947','FORTINET - FG-90E','1.00',4),(182,'CH109949','FORTINET - FG-90E','1.00',3),(183,'CH109952','FORTINET - FG-60E-BDL-900-36','1.00',1),(184,'CH109962','FORTINET - FG-100E-BDL-900-36','1.00',3),(185,'CH109966-A','CISCO - 1PISR4331/K9','1.00',5),(186,'CH109973','DELL - CH109973','1.00',1),(187,'CH109984','DELL - DELLNW102DEL 69','1.00',5),(188,'CH109992','FORTINET - FAP-S323C-N','1.00',1),(189,'CH109994','DELL - S/N','1.00',3),(190,'CH109994','DELL - CAB POWER CORD IEC309','1.00',1),(191,'CH109994','DELL - CKM00180502474','1.00',2),(192,'CH109994','DELL - CH109994','1.00',5),(193,'CH109995','FORTINET - FG-TRAN-SFP+SR','1.00',2),(194,'CH109996','CISCO - 1PISR4331-SEC/K9','1.00',3),(195,'CH109997','CISCO - 1PWS-C3650-24TS-S','1.00',3),(196,'CH110003','FORTINET - FG-100E-BDL-900-36','1.00',1),(197,'CH110009','DELL - FLLRSH2','1.00',4),(198,'CH110019','DELL - POWER EDGE R430','1.00',3),(199,'CH110021','FORTINET - FG-60E-BDL-974-12','1.00',3),(200,'CH110041','DELL - CH110041','1.00',2),(201,'CH110050','DELL - POWER EDGE R430','1.00',4),(202,'CH110053','CISCO - 1PGLC-SX-MMD=','1.00',2),(203,'CH110053','CISCO - 1PSPA-1X10GE-L-V2=','1.00',5),(204,'CH110057','FORTINET - FG-90D-BDL','1.00',5),(205,'CH110063','FORTINET - FAZ-400E','1.00',1),(206,'CH110063','FORTINET - FG-500E-BDL','1.00',1),(207,'CH110080','FORTINET - FAP-221C-N','1.00',5),(208,'CH110093','FORTINET - FG-60E-BDL-950-36','1.00',3),(209,'CH110099  ','DELL - DELL1021546097986','1.00',3),(210,'CH110107','FORTINET - FG-200D-BDL-950-60','1.00',2),(211,'CH110120','DELL - DELL71343371','1.00',1),(212,'CH110134 ','FORTINET - FG-TRAN-GC','1.00',2),(213,'CH110145','FORTINET - FS-248E-FPOE','1.00',4),(214,'CH111442','CISCO - 1PWS-C3560CX-8PC-S','1.00',3),(215,'CX410DE','LEXMARK - CX410DE','1.00',3),(216,'E450DN','LEXMARK - E450DN','1.00',5),(217,'E460','LEXMARK - E460','1.00',4),(218,'E460DN','LEXMARK - E460DN','1.00',2),(219,'E460DN','LEXMAR - E460DN','1.00',3),(220,'E460DN','LEXMARK  - E460DN','1.00',3),(221,'E460DN','LEXMARK - E46ODN','1.00',1),(222,'E460DN','LEXMARK -  E460DN','1.00',3),(223,'E460DN','LEXMARK - LEXMARK','1.00',2),(224,'E460DN','E460DN - E460DN','1.00',3),(225,'E46ODN','LEXMARK - E460DN','1.00',4),(226,'F5-BIG-LTM-I2800','F-5 - F5-BIG-LTM-I2800','1.00',4),(227,'FAS2520','NETAPP - NETAPP FAS2520','1.00',4),(228,'FG-600D-BDL-900-36','FORTINET - FG-600D-BDL-900-36','1.00',1),(229,'FG-80E-BDL','FORTINET - FG-80E-BDL','1.00',2),(230,'FGT60','FORTINET - FG-60E-BDL','1.00',5),(231,'FINISHER ','FINISHER  - FINISHER ','1.00',5),(232,'HP P1006','HP  - HP P1006','1.00',4),(233,'HP PRO8610','HP - HP PRO8610','1.00',3),(234,'KIT','LEXMARK - 40X6401','1.00',1),(235,'KIT','LEXMARK - 40X9136','1.00',2),(236,'KIT','LEXMARK - 40X7610','1.00',1),(237,'KIT','LEXMARK - 40X9138','1.00',2),(238,'KIT','LEXMARK - 40X0398','1.00',1),(239,'KIT','LEXMARK - 40X3570','1.00',1),(240,'KIT','LEXMARK - 40X7540','1.00',5),(241,'KIT','LEXMARK - 40X8051','1.00',4),(242,'KIT','LEXMARK - 40X7798','1.00',1),(243,'MR84-HW','MERAKI - MR84-HW','1.00',4),(244,'MS120-24P-HW','MERAKI - MS120-24P-HW','1.00',4),(245,'MS410DN','LEXMARK - MS410DN','1.00',5),(246,'MS610DE','LEXMARK - MS610DE','1.00',2),(247,'MS610DE','LEXMAR - MS610DE','1.00',1),(248,'MS810DE','LEXMARK - MS810DE','1.00',1),(249,'MX511','LEXMARK - MX511','1.00',5),(250,'MX611DHE','LEXMARK - MX611DHE','1.00',4),(251,'MX64-HW','MERAKI - MX64-HW','1.00',3),(252,'MX710DE','LEXMARK - MX710DE','1.00',2),(253,'MX711DE','LEXMARK - MX711DE','1.00',2),(254,'MX84-HW','MERAKI - MX84-HW','1.00',1),(255,'PANTALLAS  LG L1734SE','LG - LG L1734SE','1.00',2),(256,'PMA-INJ-4-EU','CISCO - PMA-INJ-4-EU','1.00',3),(257,'T654','LEXMARK - T654','1.00',4),(258,'T656DNE','LEXMARK - T656DNE','1.00',5),(259,'TONER','LEXMARK - C792X77G','1.00',4),(260,'US1111','LOGANDSERV - PRUEBA','1.00',5),(261,'US114812','FORTINET  - FG-140D-BDL','1.00',1),(262,'US120543','CISCO - 1PCISCO1921/K9','1.00',2),(263,'US126260','CISCO - 1PAIR-PWRINJ6=','1.00',5),(264,'US127919','CISCO - 1PAIR-PWRINJ6=','1.00',1),(265,'US128053','CISCO - 1PWS-C2960X-24PS-L','1.00',1),(266,'US128053','CISCO - 1PWS-C2960C-8TC-S','1.00',1),(267,'US128054','CISCO - 1C891F-K9','1.00',3),(268,'US129257','CISCO - 1PWS-C2960C-8TC-S','1.00',4),(269,'US129257','CISCO - 1PWS-C2960+24PC-S','1.00',2),(270,'US129257','CISCO - 1PCISCO2901-SEC/K9','1.00',1),(271,'US129257','CISCO - 1PWS-C2960+24TC-S','1.00',5),(272,'US130837','CISCO - 1PCISCO2901-SEC/K9','1.00',2),(273,'US130837','CISCO - 1PCISCO2901/K9','1.00',5),(274,'US130837','CISCO - 1PCISCO2901-V/K9','1.00',5),(275,'US130837','CISCO - 1PN2XX-AEPCI05=','1.00',3),(276,'US131975','CISCO - 1PWS-C2960X-24PD-L','1.00',2),(277,'US132857','CISCO - 1PWS-C2960XR-24TD-I','1.00',3),(278,'US132857','CISCO - 1PSFP-10G-SR=','1.00',3),(279,'US132857','CISCO - 1P800-35246-03','1.00',3),(280,'US132857','CISCO - 1PN5672UP-4FEX-1G','1.00',4),(281,'US132857','CISCO - 1PWS-C4500X-16SFP+','1.00',5),(282,'US133190','CISCO - AIR-CAB002L240-N=','1.00',4),(283,'US133259','CISCO - 1PWS-C3850-24T-E','1.00',1),(284,'US133259','CISCO - 1PWS-C3850-24T-S','1.00',4),(285,'US133259','CISCO - 1PWS-C3650-48TS-E','1.00',5),(286,'US133259','CISCO - 1PWS-C3650-48TS-S','1.00',1),(287,'US133386','CISCO - 1PWS-C3650-24TS-S','1.00',1),(288,'US133395','CISCO - 1PISR4331-SEC/K9','1.00',1),(289,'US133395','CISCO - 1PISR4331/K9','1.00',5),(290,'US133395','CISCO - 1PWS-C2960C-8TC-S','1.00',5),(291,'US133395','CISCO - 1PISR4321-K9','1.00',4),(292,'US133395','CISCO - 1PISR4351/K9','1.00',5),(293,'US133395','CISCO - 1PISR4351-SEC/K9','1.00',2),(294,'US133935','DELL - POWER EDGE R430','1.00',3),(295,'US134081','RIVERBED - US134081','1.00',1),(296,'US136837','CISCO - 1PWS-C2960+24TC-S','1.00',1),(297,'X264','LEXMARK - X264','1.00',4),(298,'X264DN','LEXMARK - X264DN','1.00',4),(299,'X464','LEXMARK - X464','1.00',5),(300,'X466','LEXMARK - X466','1.00',3),(301,'X656','LEXMARK - X656','1.00',5),(302,'X656DE','LEXMARK - X656DE','1.00',2),(303,'X656DE','X656DE - LEXMARK','1.00',5),(304,'X748DE','LEXMARK - X748DE','1.00',2),(305,'X864','LEXMARK - X864','1.00',1),(306,'X950','LEXMARK - X950','1.00',4),(307,'X950DE','LEXMARK - X950DE','1.00',1),(308,'X952DE','LEXMARK - X952DE','1.00',1);

/*Table structure for table `stock` */

DROP TABLE IF EXISTS `stock`;

CREATE TABLE `stock` (
  `sector` int(11) NOT NULL,
  `producto` int(11) NOT NULL,
  `cantidad` int(11) DEFAULT NULL,
  PRIMARY KEY (`sector`,`producto`)
) ENGINE=InnoDB DEFAULT CHARSET=latin1;

/*Data for the table `stock` */

insert  into `stock`(sector,producto,cantidad) values (1,2,0),(1,3,0),(1,4,0),(1,33,0),(1,50,0),(1,53,0),(1,60,0),(1,62,0),(1,66,0),(1,80,0),(1,95,0),(1,98,0),(1,99,0),(1,102,0),(1,103,0),(1,106,0),(1,107,0),(1,124,0),(1,128,0),(1,132,0),(1,137,0),(1,144,0),(1,163,0),(1,168,0),(1,177,0),(1,183,0),(1,185,0),(1,186,0),(1,187,0),(1,196,0),(2,6,0),(2,9,0),(2,11,0),(2,12,0),(2,13,0),(2,18,0),(2,20,0),(2,22,0),(2,34,0),(2,35,0),(2,41,0),(2,43,0),(2,45,0),(2,50,0),(2,58,0),(2,61,0),(2,65,0),(2,67,0),(2,89,0),(2,106,0),(2,113,0),(2,114,0),(2,117,0),(2,128,0),(2,135,0),(2,137,0),(2,143,0),(2,145,0),(2,148,0),(2,149,0),(2,154,0),(2,155,0),(2,156,0),(2,159,0),(2,161,0),(2,164,0),(2,179,0),(2,181,0),(2,187,0),(2,192,0),(2,198,0),(2,199,0),(3,1,0),(3,3,0),(3,8,0),(3,11,0),(3,27,0),(3,47,0),(3,50,0),(3,53,0),(3,58,0),(3,64,0),(3,65,0),(3,70,0),(3,75,0),(3,105,0),(3,107,0),(3,108,0),(3,114,0),(3,119,0),(3,135,0),(3,136,0),(3,139,0),(3,147,0),(3,148,0),(3,156,0),(3,162,0),(3,179,0),(3,192,0),(3,199,0),(4,7,0),(4,11,0),(4,17,0),(4,18,0),(4,28,0),(4,33,0),(4,43,0),(4,50,0),(4,52,0),(4,56,0),(4,72,0),(4,73,0),(4,79,0),(4,81,0),(4,83,0),(4,99,0),(4,104,0),(4,122,0),(4,124,0),(4,125,0),(4,126,0),(4,127,0),(4,128,0),(4,131,0),(4,133,0),(4,137,0),(4,153,0),(4,155,0),(4,163,0),(4,166,0),(4,186,0),(4,195,0),(4,199,0),(5,1,0),(5,10,0),(5,14,0),(5,20,0),(5,29,0),(5,40,0),(5,55,0),(5,60,0),(5,73,0),(5,75,0),(5,78,0),(5,79,0),(5,80,0),(5,86,0),(5,92,0),(5,119,0),(5,127,0),(5,130,0),(5,135,0),(5,136,0),(5,139,0),(5,148,0),(5,164,0),(5,167,0),(5,175,0),(5,181,0),(5,184,0),(5,195,0),(5,196,0),(6,5,0),(6,8,0),(6,12,0),(6,13,0),(6,18,0),(6,21,0),(6,31,0),(6,33,0),(6,40,0),(6,43,0),(6,44,0),(6,55,0),(6,60,0),(6,61,0),(6,66,0),(6,67,0),(6,71,0),(6,75,0),(6,77,0),(6,87,0),(6,88,0),(6,89,0),(6,95,0),(6,96,0),(6,104,0),(6,108,0),(6,114,0),(6,117,0),(6,119,0),(6,120,0),(6,121,0),(6,127,0),(6,129,0),(6,132,0),(6,137,0),(6,140,0),(6,149,0),(6,172,0),(6,177,0),(6,186,0),(6,195,0),(7,21,0),(7,26,0),(7,30,0),(7,36,0),(7,37,0),(7,39,0),(7,42,0),(7,52,0),(7,55,0),(7,58,0),(7,59,0),(7,61,0),(7,63,0),(7,73,0),(7,76,0),(7,82,0),(7,84,0),(7,86,0),(7,98,0),(7,104,0),(7,114,0),(7,116,0),(7,118,0),(7,128,0),(7,131,0),(7,136,0),(7,139,0),(7,143,0),(7,151,0),(7,164,0),(7,166,0),(7,185,0),(8,5,0),(8,6,0),(8,7,0),(8,16,0),(8,19,0),(8,23,0),(8,26,0),(8,33,0),(8,34,0),(8,36,0),(8,39,0),(8,41,0),(8,46,0),(8,48,0),(8,56,0),(8,64,0),(8,67,0),(8,69,0),(8,71,0),(8,76,0),(8,79,0),(8,84,0),(8,87,0),(8,92,0),(8,95,0),(8,98,0),(8,101,0),(8,103,0),(8,112,0),(8,121,0),(8,125,0),(8,127,0),(8,132,0),(8,139,0),(8,161,0),(8,164,0),(8,166,0),(8,168,0),(8,171,0),(8,175,0),(8,182,0),(8,195,0),(9,14,0),(9,18,0),(9,24,0),(9,26,0),(9,30,0),(9,33,0),(9,40,0),(9,41,0),(9,43,0),(9,48,0),(9,50,0),(9,54,0),(9,57,0),(9,62,0),(9,79,0),(9,89,0),(9,91,0),(9,93,0),(9,108,0),(9,111,0),(9,116,0),(9,129,0),(9,130,0),(9,131,0),(9,146,0),(9,150,0),(9,151,0),(9,152,0),(9,153,0),(9,156,0),(9,159,0),(9,165,0),(9,177,0),(9,181,0),(9,183,0),(9,190,0),(9,193,0),(9,197,0),(10,5,0),(10,8,0),(10,10,0),(10,12,0),(10,23,0),(10,25,0),(10,26,0),(10,27,0),(10,29,0),(10,34,0),(10,56,0),(10,60,0),(10,64,0),(10,80,0),(10,91,0),(10,92,0),(10,93,0),(10,97,0),(10,98,0),(10,105,0),(10,121,0),(10,122,0),(10,124,0),(10,127,0),(10,131,0),(10,137,0),(10,139,0),(10,145,0),(10,146,0),(10,152,0),(10,154,0),(10,156,0),(10,158,0),(10,163,0),(10,169,0),(10,173,0),(10,174,0),(10,176,0),(10,185,0),(10,186,0),(10,198,0),(11,1,0),(11,2,0),(11,17,0),(11,18,0),(11,25,0),(11,30,0),(11,41,0),(11,43,0),(11,45,0),(11,48,0),(11,49,0),(11,53,0),(11,54,0),(11,56,0),(11,65,0),(11,68,0),(11,69,0),(11,73,0),(11,82,0),(11,83,0),(11,92,0),(11,104,0),(11,106,0),(11,108,0),(11,109,0),(11,113,0),(11,120,0),(11,121,0),(11,124,0),(11,142,0),(11,145,0),(11,147,0),(11,150,0),(11,152,0),(11,160,0),(11,161,0),(11,162,0),(11,164,0),(11,165,0),(11,167,0),(11,172,0),(11,175,0),(11,178,0),(11,186,0),(11,193,0),(11,200,0),(12,6,0),(12,7,0),(12,8,0),(12,13,0),(12,19,0),(12,21,0),(12,23,0),(12,34,0),(12,35,0),(12,39,0),(12,41,0),(12,42,0),(12,44,0),(12,47,0),(12,50,0),(12,54,0),(12,57,0),(12,64,0),(12,67,0),(12,68,0),(12,69,0),(12,75,0),(12,80,0),(12,92,0),(12,103,0),(12,107,0),(12,111,0),(12,121,0),(12,124,0),(12,125,0),(12,127,0),(12,139,0),(12,140,0),(12,147,0),(12,149,0),(12,155,0),(12,156,0),(12,160,0),(12,163,0),(12,175,0),(12,179,0),(12,190,0),(12,197,0),(13,8,0),(13,10,0),(13,14,0),(13,16,0),(13,20,0),(13,30,0),(13,32,0),(13,38,0),(13,41,0),(13,42,0),(13,57,0),(13,58,0),(13,59,0),(13,60,0),(13,62,0),(13,65,0),(13,80,0),(13,84,0),(13,86,0),(13,87,0),(13,90,0),(13,91,0),(13,94,0),(13,96,0),(13,105,0),(13,108,0),(13,124,0),(13,132,0),(13,133,0),(13,137,0),(13,149,0),(13,154,0),(13,160,0),(13,163,0),(13,166,0),(13,171,0),(13,176,0),(13,183,0),(13,189,0),(13,194,0),(13,200,0),(14,9,0),(14,13,0),(14,19,0),(14,20,0),(14,36,0),(14,51,0),(14,61,0),(14,73,0),(14,79,0),(14,80,0),(14,84,0),(14,89,0),(14,90,0),(14,92,0),(14,93,0),(14,95,0),(14,98,0),(14,113,0),(14,117,0),(14,121,0),(14,122,0),(14,127,0),(14,128,0),(14,133,0),(14,135,0),(14,157,0),(14,159,0),(14,166,0),(14,170,0),(14,172,0),(14,173,0),(14,177,0),(14,181,0),(14,188,0),(14,200,0),(15,1,0),(15,5,0),(15,9,0),(15,14,0),(15,18,0),(15,20,0),(15,30,0),(15,37,0),(15,43,0),(15,45,0),(15,54,0),(15,64,0),(15,67,0),(15,72,0),(15,73,0),(15,74,0),(15,85,0),(15,92,0),(15,94,0),(15,102,0),(15,115,0),(15,118,0),(15,123,0),(15,136,0),(15,142,0),(15,145,0),(15,168,0),(15,186,0),(15,198,0),(16,1,0),(16,2,0),(16,12,0),(16,20,0),(16,27,0),(16,29,0),(16,32,0),(16,39,0),(16,44,0),(16,51,0),(16,67,0),(16,69,0),(16,76,0),(16,79,0),(16,83,0),(16,84,0),(16,85,0),(16,91,0),(16,92,0),(16,93,0),(16,108,0),(16,121,0),(16,123,0),(16,125,0),(16,129,0),(16,137,0),(16,147,0),(16,148,0),(16,166,0),(16,175,0),(16,178,0),(16,179,0),(16,182,0),(16,184,0),(16,187,0),(16,192,0),(16,194,0);

/* Trigger structure for table `ingresos_retiros` */

DELIMITER $$

/*!50003 DROP TRIGGER*//*!50032 IF EXISTS */ /*!50003 `tg_stock` */$$

/*!50003 CREATE */ /*!50017 DEFINER = 'root'@'localhost' */ /*!50003 TRIGGER `tg_stock` AFTER UPDATE ON `ingresos_retiros` FOR EACH ROW BEGIN
	UPDATE stock SET cantidad = 0; 
	UPDATE stock AS s
	INNER JOIN ingresos_retiros AS i ON s.sector = i.sector AND s.producto = i.producto 
	SET s.cantidad = s.cantidad + i.cantidad 
	WHERE i.tipo = 1;
	UPDATE stock AS s
	INNER JOIN ingresos_retiros AS i ON s.sector = i.sector AND s.producto = i.producto 
	SET s.cantidad = s.cantidad - i.cantidad 
	WHERE i.tipo = 2;
    END */$$


DELIMITER ;

/*!40101 SET SQL_MODE=@OLD_SQL_MODE */;
/*!40014 SET FOREIGN_KEY_CHECKS=@OLD_FOREIGN_KEY_CHECKS */;
