
CREATE DATABASE IF NOT EXISTS data_stock;

USE data_stock;

DROP TABLE IF EXISTS ingresos_retiros;
DROP TABLE IF EXISTS bodega_sector;
DROP TABLE IF EXISTS bodega;
DROP TABLE IF EXISTS productos;
DROP TABLE IF EXISTS clientes;

DROP TABLE IF EXISTS stock;

CREATE TABLE bodega (
  num INT(11) NOT NULL AUTO_INCREMENT,
  codigo VARCHAR(100) DEFAULT NULL,
  detalle VARCHAR(500) DEFAULT NULL,
  direccion VARCHAR(255) DEFAULT NULL,
  PRIMARY KEY (num)
);


CREATE TABLE bodega_sector (
  num INT(11) NOT NULL AUTO_INCREMENT,
  codigo VARCHAR(100) DEFAULT NULL,
  detalle VARCHAR(500) DEFAULT NULL,
  bodega INT(11) DEFAULT NULL,
  PRIMARY KEY (num),
  FOREIGN KEY (bodega) REFERENCES bodega(num)
);


CREATE TABLE clientes (
  num INT(11) NOT NULL AUTO_INCREMENT,
  rut VARCHAR(10) DEFAULT NULL,
  dig VARCHAR(1) DEFAULT NULL,
  razonsocial VARCHAR(255) DEFAULT NULL,
  direccion VARCHAR(255) DEFAULT NULL,
  fono INT(11) DEFAULT NULL,
  PRIMARY KEY (num)
);


CREATE TABLE productos (
  num INT(11) NOT NULL AUTO_INCREMENT,
  codigo VARCHAR(100) DEFAULT NULL,
  detalle VARCHAR(500) DEFAULT NULL,
  volumen DECIMAL(5,2) DEFAULT NULL,
  cliente INT(11) DEFAULT NULL,
  PRIMARY KEY (num),
  FOREIGN KEY(cliente) REFERENCES clientes(num)
);


CREATE TABLE ingresos_retiros (
  num INT(11) NOT NULL AUTO_INCREMENT,
  producto INT(11) DEFAULT NULL,
  sector INT(11) DEFAULT NULL,
  cantidad INT(11) DEFAULT NULL,
  fecha DATE DEFAULT NULL,
  tipo INT(11) DEFAULT NULL,
  PRIMARY KEY (num), 
  FOREIGN KEY(producto) REFERENCES productos(num),
  FOREIGN KEY(sector) REFERENCES bodega_sector(num)
);



CREATE TABLE stock (
  sector INT(11) NOT NULL,
  producto INT(11) NOT NULL,
  cantidad INT(11) DEFAULT NULL,
  PRIMARY KEY (sector,producto)
);


INSERT INTO  bodega VALUES('1', 'Altillo', 'Bodega Altillo', 'Maraton 55');
INSERT INTO  bodega VALUES('2', 'Bsue', 'Bodega Bsue', 'Maraton 55');
INSERT INTO  bodega VALUES('3', 'Planta A', 'Bodega Planta A', 'Maraton 55');
INSERT INTO  bodega VALUES('4', 'Planta B', 'Bodega Planta B', 'Maraton 55');
INSERT INTO  bodega VALUES('5', 'Planta C', 'Bodega Planta C', 'Maraton 55');


INSERT INTO  bodega_sector VALUES('1', 'Sector A1', 'Sector A1', '1');
INSERT INTO  bodega_sector VALUES('2', 'Sector A2', 'Sector A2', '1');
INSERT INTO  bodega_sector VALUES('3', 'Sector A3', 'Sector A3', '1');
INSERT INTO  bodega_sector VALUES('4', 'Sector A4', 'Sector A4', '1');
INSERT INTO  bodega_sector VALUES('5', 'Sector A5', 'Sector A5', '1');
INSERT INTO  bodega_sector VALUES('6', 'Sector B1', 'Sector B1', '2');
INSERT INTO  bodega_sector VALUES('7', 'Sector B2', 'Sector B2', '2');
INSERT INTO  bodega_sector VALUES('8', 'Sector B3', 'Sector B3', '2');
INSERT INTO  bodega_sector VALUES('9', 'Sector Planta 1', 'Sector Planta 1', '3');
INSERT INTO  bodega_sector VALUES('10', 'Sector Planta 2', 'Sector Planta 2', '3');
INSERT INTO  bodega_sector VALUES('11', 'Sector Planta 3', 'Sector Planta 3', '3');
INSERT INTO  bodega_sector VALUES('12', 'Sector Planta 4', 'Sector Planta 4', '3');
INSERT INTO  bodega_sector VALUES('13', 'Altillo', 'Altillo', '4');
INSERT INTO  bodega_sector VALUES('14', 'Klan HT', 'Klan HT', '5');
INSERT INTO  bodega_sector VALUES('15', 'Klan TY', 'Klan TY', '5');
INSERT INTO  bodega_sector VALUES('16', 'Klan UYT', 'Klan UYT', '5');



INSERT INTO  clientes VALUES('1', '11111111', '1', 'Kop importaciones', 'Freire 235', '987456321');
INSERT INTO  clientes VALUES('2', '22222222', '2', 'Lasert print', 'Las lilas 25', '223654987');
INSERT INTO  clientes VALUES('3', '33333333', '3', 'Klan pc', 'Club Hípico 1240', '228521456');
INSERT INTO  clientes VALUES('4', '44444444', '4', 'Jammu office', 'Lyon 298', '956231456');
INSERT INTO  clientes VALUES('5', '55555555', '5', 'Fernandez cleanof', 'Manuel Prado 876', '925496325');


INSERT INTO  productos VALUES('1', 'BANDEJA', 'LEXMARK - 35S0567', '1', '3');
INSERT INTO  productos VALUES('2', 'BANDEJA', 'LEXMARK - 40G0802', '1', '4');
INSERT INTO  productos VALUES('3', 'C544DN', 'LEXMARK - C544DN', '1', '4');
INSERT INTO  productos VALUES('4', 'CH1 9966-B', 'CISCO - 1PISR4331/K9', '1', '4');
INSERT INTO  productos VALUES('5', 'CH105542', 'CISCO - 1PWS-C2960X-24PS-L', '1', '5');
INSERT INTO  productos VALUES('6', 'CH105542', 'CISCO - 1PCISCO1941/K9', '1', '5');
INSERT INTO  productos VALUES('7', 'CH105542', 'CISCO - 1PEHWIC-4ESG=', '1', '1');
INSERT INTO  productos VALUES('8', 'CH105542', 'CISCO - 1PWS-C3650-24TS-L', '1', '3');
INSERT INTO  productos VALUES('9', 'CH105614', 'CISCO - AIR-CAP7021-A-K9', '1', '2');
INSERT INTO  productos VALUES('10', 'CH105865', 'CISCO - 1PEHWIC-4ESG=', '1', '1');
INSERT INTO  productos VALUES('11', 'CH106343', 'CISCO - 1PCISCO2901/K9', '1', '2');
INSERT INTO  productos VALUES('12', 'CH106412', 'CISCO - 1PAIR-SAP1602I-A-K9', '1', '3');
INSERT INTO  productos VALUES('13', 'CH106413', 'CISCO - 1PWS-C2960+48PST-S', '1', '2');
INSERT INTO  productos VALUES('14', 'CH106978', 'FORTINET  - FG-50E-BDL-900-36', '1', '2');
INSERT INTO  productos VALUES('15', 'CH106978', 'FORTINET  - FG-30E-BDL-900-36', '1', '3');
INSERT INTO  productos VALUES('16', 'CH107224', 'CISCO - 1PPWR-125W-AC=', '1', '2');
INSERT INTO  productos VALUES('17', 'CH107456', 'CISCO - 1PWS-C2960X-48LPS-L', '1', '3');
INSERT INTO  productos VALUES('18', 'CH108109', 'CISCO - 1PWS-C3650-24TS-E', '1', '4');
INSERT INTO  productos VALUES('19', 'CH108122', 'CISCO - 1PSPA504G', '1', '4');
INSERT INTO  productos VALUES('20', 'CH108122', 'CISCO - 1PSPA508G', '1', '5');
INSERT INTO  productos VALUES('21', 'CH108122', 'CISCO - 1PSPA500DS', '1', '1');
INSERT INTO  productos VALUES('22', 'CH108551', 'CISCO - 1PEHWIC-4ESG=', '1', '2');
INSERT INTO  productos VALUES('23', 'CH108788', 'CISCO - 1PC899G-LTE-LA-K9', '1', '3');
INSERT INTO  productos VALUES('24', 'CH108938', 'CISCO - 1PC881-K9', '1', '3');
INSERT INTO  productos VALUES('25', 'CH108939', 'CISCO - 1PC881-K9', '1', '4');
INSERT INTO  productos VALUES('26', 'CH108939', 'CISCO - 1PCISCO2901/K9', '1', '4');
INSERT INTO  productos VALUES('27', 'CH108983', 'FORTINET  - FG-60E-BDL', '1', '2');
INSERT INTO  productos VALUES('28', 'CH109010', 'FORTINET  - FAZ-400E', '1', '2');
INSERT INTO  productos VALUES('29', 'CH109111', 'CISCO - 1PCISCO3925-SEC/K9', '1', '1');
INSERT INTO  productos VALUES('30', 'CH109158', 'FORTINET  - FG-60E-BDL', '1', '1');
INSERT INTO  productos VALUES('31', 'CH109158', 'FORTINET  - FG-100E-BDL', '1', '2');
INSERT INTO  productos VALUES('32', 'CH109212', 'CISCO - 1PCISCO2901-V/K9', '1', '5');
INSERT INTO  productos VALUES('33', 'CH109212', 'CISCO - PVDM-64=', '1', '2');
INSERT INTO  productos VALUES('34', 'CH109212', 'CISCO - VWIC3-2MFT-T1/E1=', '1', '3');
INSERT INTO  productos VALUES('35', 'CH109213', 'CISCO - 1PCISCO2911/K9', '1', '3');
INSERT INTO  productos VALUES('36', 'CH109230', 'CISCO - 1PCISCO1941-SEC/K9', '1', '3');
INSERT INTO  productos VALUES('37', 'CH109230', 'CISCO - 1PEHWIC-4ESG-P=', '1', '5');
INSERT INTO  productos VALUES('38', 'CH109232', 'CISCO - 1PEHWIC-4ESG-P=', '1', '5');
INSERT INTO  productos VALUES('39', 'CH109232', 'CISCO - 1PCISCO1941-SEC/K9', '1', '3');
INSERT INTO  productos VALUES('40', 'CH109234', 'MERAKI - MR33-HW', '1', '3');
INSERT INTO  productos VALUES('41', 'CH109248', 'CISCO - 1PCISCO2951-V/K9', '1', '5');
INSERT INTO  productos VALUES('42', 'CH109248', 'CISCO - BE6M-M4-K9=', '1', '4');
INSERT INTO  productos VALUES('43', 'CH109248', 'CISCO - CP-7811-K9=', '1', '5');
INSERT INTO  productos VALUES('44', 'CH109248', 'CISCO - WS-C2960+24PC-L', '1', '5');
INSERT INTO  productos VALUES('45', 'CH109248', 'CISCO - WS-C2960CPD8PT-L', '1', '3');
INSERT INTO  productos VALUES('46', 'CH109248', 'CISCO - WS-C2960X24TS-L', '1', '5');
INSERT INTO  productos VALUES('47', 'CH109248', 'CISCO - GLC-SX-MMD=', '1', '3');
INSERT INTO  productos VALUES('48', 'CH109248', 'CISCO - C881-K9', '1', '4');
INSERT INTO  productos VALUES('49', 'CH109248', 'CISCO - CISCO2901/K9', '1', '2');
INSERT INTO  productos VALUES('50', 'CH109248', 'CISCO - CP-8845-K9=', '1', '1');
INSERT INTO  productos VALUES('51', 'CH109248', 'CISCO - CP-8841-K9=', '1', '4');
INSERT INTO  productos VALUES('52', 'CH109291', 'DELL - DELL70444589', '1', '1');
INSERT INTO  productos VALUES('53', 'CH109344', 'VERITA - 17939-M4211', '1', '3');
INSERT INTO  productos VALUES('54', 'CH109367', 'CISCO - 1PISR4431/K9', '1', '1');
INSERT INTO  productos VALUES('55', 'CH109420', 'DELL - DELL60016268 82V01', '1', '1');
INSERT INTO  productos VALUES('56', 'CH109434', 'CISCO - 1PISR4451-X-AX/K9', '1', '1');
INSERT INTO  productos VALUES('57', 'CH109436', 'CISCO - 1PISR4331/K9', '1', '4');
INSERT INTO  productos VALUES('58', 'CH109469', 'CISCO - 1PWS-C3850-24T-L', '1', '3');
INSERT INTO  productos VALUES('59', 'CH109476', 'CISCO - CISCO2901/K9', '1', '2');
INSERT INTO  productos VALUES('60', 'CH109476', 'CISCO - C881-K9', '1', '3');
INSERT INTO  productos VALUES('61', 'CH109476', 'CISCO - CISCO2951/K9', '1', '4');
INSERT INTO  productos VALUES('62', 'CH109485', 'CISCO - 1PAIR-AP1852E-A-K9', '1', '1');
INSERT INTO  productos VALUES('63', 'CH109485', 'CISCO - 1PASA5508-K9', '1', '3');
INSERT INTO  productos VALUES('64', 'CH109485', 'CISCO - 1PWS-C3850-24T-S', '1', '1');
INSERT INTO  productos VALUES('65', 'CH109485', 'CISCO - 1PAIR-CT2504-5-K9', '1', '1');
INSERT INTO  productos VALUES('66', 'CH109491', 'CISCO - AIR-AP2802IA-K9', '1', '2');
INSERT INTO  productos VALUES('67', 'CH109500', 'CISCO - 1PWS-C3650-24TD-E', '1', '4');
INSERT INTO  productos VALUES('68', 'CH109500', 'CISCO - 1PWS-C2960+24PC-L', '1', '5');
INSERT INTO  productos VALUES('69', 'CH109500', 'CISCO - 1PWS-C2960+24TC-L', '1', '2');
INSERT INTO  productos VALUES('70', 'CH109501', 'CISCO - 1PGLC-TE=', '1', '2');
INSERT INTO  productos VALUES('71', 'CH109501', 'CISCO - 1PGLC-LH-SMD=', '1', '5');
INSERT INTO  productos VALUES('72', 'CH109501', 'CISCO - 1PGLC-SX-MMD=', '1', '4');
INSERT INTO  productos VALUES('73', 'CH109501', 'CISCO - 1PWS-C2960X-48FPS-L', '1', '5');
INSERT INTO  productos VALUES('74', 'CH109501', 'CISCO - WS-C2960X24PS-L', '1', '4');
INSERT INTO  productos VALUES('75', 'CH109501', 'CISCO - GLC-SX-MMD=', '1', '5');
INSERT INTO  productos VALUES('76', 'CH109501', 'CISCO - GLC-TE=', '1', '1');
INSERT INTO  productos VALUES('77', 'CH109501', 'CISCO - CISCO2901/K9', '1', '2');
INSERT INTO  productos VALUES('78', 'CH109502', 'CISCO - 1PC881-K9', '1', '5');
INSERT INTO  productos VALUES('79', 'CH109524', 'CISCO - 1PCISCO2911/K9', '1', '5');
INSERT INTO  productos VALUES('80', 'CH109537', 'CISCO - 1PWS-C2960X-48FPS-L', '1', '2');
INSERT INTO  productos VALUES('81', 'CH109539', 'DELL - DELL74149223 1', '1', '5');
INSERT INTO  productos VALUES('82', 'CH109541', 'CISCO - 1PC892FSP-K9', '1', '1');
INSERT INTO  productos VALUES('83', 'CH109545', 'CISCO - 1PISR4331/K9', '1', '5');
INSERT INTO  productos VALUES('84', 'CH109545', 'CISCO - 1PISR4321/K9', '1', '1');
INSERT INTO  productos VALUES('85', 'CH109546', 'CISCO - 1PISR4321/K9', '1', '4');
INSERT INTO  productos VALUES('86', 'CH109546', 'CISCO - 1PISR4331/K9', '1', '1');
INSERT INTO  productos VALUES('87', 'CH109556', 'DELL - DELL60015532 04V02', '1', '4');
INSERT INTO  productos VALUES('88', 'CH109572', 'CISCO - 1PCISCO1941-SEC/K9', '1', '4');
INSERT INTO  productos VALUES('89', 'CH109575', 'DELL - 399HBM2', '1', '4');
INSERT INTO  productos VALUES('90', 'CH109575', 'DELL - DELL STORAGE NX3230', '1', '4');
INSERT INTO  productos VALUES('91', 'CH109592', 'DELL - 9WMSBM2', '1', '4');
INSERT INTO  productos VALUES('92', 'CH109618', 'CISCO - 1PWS-C2960-12PC-L', '1', '1');
INSERT INTO  productos VALUES('93', 'CH109645', 'FORTINET - FG-1000D', '1', '5');
INSERT INTO  productos VALUES('94', 'CH109649', 'DELL - E2216H', '1', '3');
INSERT INTO  productos VALUES('95', 'CH109649', 'DELL - BLLCBM2', '1', '2');
INSERT INTO  productos VALUES('96', 'CH109649', 'DELL - BLL9BM2', '1', '3');
INSERT INTO  productos VALUES('97', 'CH109649', 'DELL - BLKK8M2', '1', '2');
INSERT INTO  productos VALUES('98', 'CH109649', 'DELL - BLJK8M2', '1', '3');
INSERT INTO  productos VALUES('99', 'CH109649', 'DELL - BLKBBM2', '1', '4');
INSERT INTO  productos VALUES('100', 'CH109649', 'DELL - BLLBBM2', '1', '2');
INSERT INTO  productos VALUES('101', 'CH109649', 'DELL - BLJBBM2', '1', '1');
INSERT INTO  productos VALUES('102', 'CH109649', 'DELL - BLKJ8M2', '1', '3');
INSERT INTO  productos VALUES('103', 'CH109649', 'DELL - BLKH8M2', '1', '5');
INSERT INTO  productos VALUES('104', 'CH109649', 'DELL - BLJJ8M2', '1', '4');
INSERT INTO  productos VALUES('105', 'CH109649', 'DELL - BLJCBM2', '1', '4');
INSERT INTO  productos VALUES('106', 'CH109649', 'DELL - BLJH8M2', '1', '3');
INSERT INTO  productos VALUES('107', 'CH109649', 'DELL - BLLG8M2', '1', '4');
INSERT INTO  productos VALUES('108', 'CH109649', 'DELL - BLKCBM2', '1', '4');
INSERT INTO  productos VALUES('109', 'CH109649', 'DELL - BLK9BM2', '1', '1');
INSERT INTO  productos VALUES('110', 'CH109649', 'DELL - DELL74186330 7', '1', '4');
INSERT INTO  productos VALUES('111', 'CH109650', 'DELL - DELL741863769', '1', '1');
INSERT INTO  productos VALUES('112', 'CH109653', 'CISCO - 1PISR4331/K9', '1', '1');
INSERT INTO  productos VALUES('113', 'CH109653', 'CISCO - 1PISR4431/K9', '1', '2');
INSERT INTO  productos VALUES('114', 'CH109660', 'DELL - CH109660', '1', '4');
INSERT INTO  productos VALUES('115', 'CH109669', 'CISCO - C819G-LTELA-K9', '1', '1');
INSERT INTO  productos VALUES('116', 'CH109675', 'CISCO - 1PWS-C2960+48TC-S', '1', '1');
INSERT INTO  productos VALUES('117', 'CH109676', 'CISCO - 1PWS-C2960C-12PC-L', '1', '2');
INSERT INTO  productos VALUES('118', 'CH109678', 'CISCO - 1PQSFP-40G-SR4=', '1', '4');
INSERT INTO  productos VALUES('119', 'CH109678', 'CISCO - 1PSFP-10G-SR=', '1', '4');
INSERT INTO  productos VALUES('120', 'CH109678', 'CISCO - 1PGLC-SX-MMD=', '1', '5');
INSERT INTO  productos VALUES('121', 'CH109678', 'CISCO - 1PWS-C3850-12S-S', '1', '3');
INSERT INTO  productos VALUES('122', 'CH109678', 'CISCO - 1PWS-C3850-24XU-S', '1', '5');
INSERT INTO  productos VALUES('123', 'CH109678', 'CISCO - 1PC3850-NM-4-10G=', '1', '3');
INSERT INTO  productos VALUES('124', 'CH109682', 'FORTINET - FG-100E-BDL', '1', '5');
INSERT INTO  productos VALUES('125', 'CH109682', 'FORTINET - FG-60E-BDL', '1', '1');
INSERT INTO  productos VALUES('126', 'CH109682', 'FORTINET - FG-200E-BDL-900-36', '1', '2');
INSERT INTO  productos VALUES('127', 'CH109684', 'FORTINET - FG-100E-BDL-900-36', '1', '5');
INSERT INTO  productos VALUES('128', 'CH109684', 'FORTINET - FG-200E-BDL-900-36', '1', '4');
INSERT INTO  productos VALUES('129', 'CH109684', 'FORTINET - FG-300E-BDL-900-36', '1', '4');
INSERT INTO  productos VALUES('130', 'CH109687', 'MERAKI - MERAKI MR 802', '1', '2');
INSERT INTO  productos VALUES('131', 'CH109699', 'FORTINET - FS-124D', '1', '2');
INSERT INTO  productos VALUES('132', 'CH109701', 'CISCO - 1PISR4321-V/K9', '1', '3');
INSERT INTO  productos VALUES('133', 'CH109701', 'CISCO - 1PCP-7821-K9=', '1', '2');
INSERT INTO  productos VALUES('134', 'CH109701', 'CISCO - 1PCP-8841-K9=', '1', '3');
INSERT INTO  productos VALUES('135', 'CH109701', 'CISCO - BE6M-M4-K9=', '1', '4');
INSERT INTO  productos VALUES('136', 'CH109706', 'FORTINET - FAP-221B-N', '1', '2');
INSERT INTO  productos VALUES('137', 'CH109706', 'FORTINET - GPI-115', '1', '5');
INSERT INTO  productos VALUES('138', 'CH109708', 'MERAKI - MS225-48FPHW', '1', '3');
INSERT INTO  productos VALUES('139', 'CH109712', 'FORTINET - FG-500E-BDL-974-12', '1', '2');
INSERT INTO  productos VALUES('140', 'CH109712', 'FORTINET - FG-TRAN-SFP+SR', '1', '5');
INSERT INTO  productos VALUES('141', 'CH109712', 'FORTINET - FG-60E-BDL-974-12', '1', '5');
INSERT INTO  productos VALUES('142', 'CH109714', 'FORTINET - FG-100E-BDL-900-36', '1', '5');
INSERT INTO  productos VALUES('143', 'CH109722', 'FORTINET - FG-200E-BDL-900-36', '1', '1');
INSERT INTO  productos VALUES('144', 'CH109727', 'CISCO - AIR-CAP1532E-A-K9', '1', '3');
INSERT INTO  productos VALUES('145', 'CH109727', 'CISCO - 1PAIR-AP1562E-A-K9', '1', '2');
INSERT INTO  productos VALUES('146', 'CH109731', 'FORTINET - FG-800D-BDL-950-36', '1', '1');
INSERT INTO  productos VALUES('147', 'CH109732', 'FORTINET - FG-300D-BDL-900-60', '1', '3');
INSERT INTO  productos VALUES('148', 'CH109734', 'FORTINET - FG-200D-BDL-900-36', '1', '4');
INSERT INTO  productos VALUES('149', 'CH109745', 'CISCO - 1PSPA122', '1', '1');
INSERT INTO  productos VALUES('150', 'CH109745', 'CISCO - 1PISR4321/K9', '1', '5');
INSERT INTO  productos VALUES('151', 'CH109757', 'FORTINET - FG-300D-BDL-900-36', '1', '2');
INSERT INTO  productos VALUES('152', 'CH109758', 'FORTINET - FG-1000D-BDL-900-36', '1', '3');
INSERT INTO  productos VALUES('153', 'CH109764', 'CISCO - 1PLIC-CT5520-UPG', '1', '3');
INSERT INTO  productos VALUES('154', 'CH109774', 'FORTINET - FG-200E-BDL', '1', '4');
INSERT INTO  productos VALUES('155', 'CH109776', 'DELL - DELL70971389', '1', '4');
INSERT INTO  productos VALUES('156', 'CH109794', 'DELL - 5T8ZBM2', '1', '2');
INSERT INTO  productos VALUES('157', 'CH109796', 'FORTINET - FAP-221C-N', '1', '3');
INSERT INTO  productos VALUES('158', 'CH109812', 'FORTINET - FG-90D-BDL', '1', '3');
INSERT INTO  productos VALUES('159', 'CH109825', 'DABERGY - RPS-ADPTR2921-51=', '1', '2');
INSERT INTO  productos VALUES('160', 'CH109834', 'FORTINET - FS-424D', '1', '5');
INSERT INTO  productos VALUES('161', 'CH109834', 'FORTINET - FS-124E', '1', '5');
INSERT INTO  productos VALUES('162', 'CH109834', 'FORTINET - FG-TRAN-SF+SR', '1', '2');
INSERT INTO  productos VALUES('163', 'CH109851', 'FORTINET - FG-240D-BDL', '1', '2');
INSERT INTO  productos VALUES('164', 'CH109854', 'DELL - DELLX9360I7T 1651SW10P', '1', '2');
INSERT INTO  productos VALUES('165', 'CH109885', 'DELL - DELLF617N', '1', '4');
INSERT INTO  productos VALUES('166', 'CH109891', 'DELL - CH109891', '1', '4');
INSERT INTO  productos VALUES('167', 'CH109898', 'DELL - CH109898', '1', '5');
INSERT INTO  productos VALUES('168', 'CH109899', 'DELL - DELL71115443', '1', '4');
INSERT INTO  productos VALUES('169', 'CH109902', 'CISCO - WS-C2960X24TS-L', '1', '1');
INSERT INTO  productos VALUES('170', 'CH109907', 'DELL - PRECISION R7910', '1', '2');
INSERT INTO  productos VALUES('171', 'CH109907', 'DELL - CH109907', '1', '3');
INSERT INTO  productos VALUES('172', 'CH109908', 'DELL - CH109908', '1', '3');
INSERT INTO  productos VALUES('173', 'CH109909', 'DELL - CH109909', '1', '4');
INSERT INTO  productos VALUES('174', 'CH109912', 'CISCO - 1PISR4321/K9', '1', '4');
INSERT INTO  productos VALUES('175', 'CH109914', 'FORTINET - FG-100E', '1', '2');
INSERT INTO  productos VALUES('176', 'CH109926', 'FORTINET - FG-90D-BDL', '1', '5');
INSERT INTO  productos VALUES('177', 'CH109934', 'DELL - CH109934', '1', '2');
INSERT INTO  productos VALUES('178', 'CH109940', 'FORTINET - FG-60E-BDL-900-36', '1', '4');
INSERT INTO  productos VALUES('179', 'CH109941', 'FORTINET - FG-60E-BDL-900-36', '1', '1');
INSERT INTO  productos VALUES('180', 'CH109945', 'FORTINET - FG-100E', '1', '5');
INSERT INTO  productos VALUES('181', 'CH109947', 'FORTINET - FG-90E', '1', '4');
INSERT INTO  productos VALUES('182', 'CH109949', 'FORTINET - FG-90E', '1', '3');
INSERT INTO  productos VALUES('183', 'CH109952', 'FORTINET - FG-60E-BDL-900-36', '1', '1');
INSERT INTO  productos VALUES('184', 'CH109962', 'FORTINET - FG-100E-BDL-900-36', '1', '3');
INSERT INTO  productos VALUES('185', 'CH109966-A', 'CISCO - 1PISR4331/K9', '1', '5');
INSERT INTO  productos VALUES('186', 'CH109973', 'DELL - CH109973', '1', '1');
INSERT INTO  productos VALUES('187', 'CH109984', 'DELL - DELLNW102DEL 69', '1', '5');
INSERT INTO  productos VALUES('188', 'CH109992', 'FORTINET - FAP-S323C-N', '1', '1');
INSERT INTO  productos VALUES('189', 'CH109994', 'DELL - S/N', '1', '3');
INSERT INTO  productos VALUES('190', 'CH109994', 'DELL - CAB POWER CORD IEC309', '1', '1');
INSERT INTO  productos VALUES('191', 'CH109994', 'DELL - CKM00180502474', '1', '2');
INSERT INTO  productos VALUES('192', 'CH109994', 'DELL - CH109994', '1', '5');
INSERT INTO  productos VALUES('193', 'CH109995', 'FORTINET - FG-TRAN-SFP+SR', '1', '2');
INSERT INTO  productos VALUES('194', 'CH109996', 'CISCO - 1PISR4331-SEC/K9', '1', '3');
INSERT INTO  productos VALUES('195', 'CH109997', 'CISCO - 1PWS-C3650-24TS-S', '1', '3');
INSERT INTO  productos VALUES('196', 'CH110003', 'FORTINET - FG-100E-BDL-900-36', '1', '1');
INSERT INTO  productos VALUES('197', 'CH110009', 'DELL - FLLRSH2', '1', '4');
INSERT INTO  productos VALUES('198', 'CH110019', 'DELL - POWER EDGE R430', '1', '3');
INSERT INTO  productos VALUES('199', 'CH110021', 'FORTINET - FG-60E-BDL-974-12', '1', '3');
INSERT INTO  productos VALUES('200', 'CH110041', 'DELL - CH110041', '1', '2');
INSERT INTO  productos VALUES('201', 'CH110050', 'DELL - POWER EDGE R430', '1', '4');
INSERT INTO  productos VALUES('202', 'CH110053', 'CISCO - 1PGLC-SX-MMD=', '1', '2');
INSERT INTO  productos VALUES('203', 'CH110053', 'CISCO - 1PSPA-1X10GE-L-V2=', '1', '5');
INSERT INTO  productos VALUES('204', 'CH110057', 'FORTINET - FG-90D-BDL', '1', '5');
INSERT INTO  productos VALUES('205', 'CH110063', 'FORTINET - FAZ-400E', '1', '1');
INSERT INTO  productos VALUES('206', 'CH110063', 'FORTINET - FG-500E-BDL', '1', '1');
INSERT INTO  productos VALUES('207', 'CH110080', 'FORTINET - FAP-221C-N', '1', '5');
INSERT INTO  productos VALUES('208', 'CH110093', 'FORTINET - FG-60E-BDL-950-36', '1', '3');
INSERT INTO  productos VALUES('209', 'CH110099  ', 'DELL - DELL1021546097986', '1', '3');
INSERT INTO  productos VALUES('210', 'CH110107', 'FORTINET - FG-200D-BDL-950-60', '1', '2');
INSERT INTO  productos VALUES('211', 'CH110120', 'DELL - DELL71343371', '1', '1');
INSERT INTO  productos VALUES('212', 'CH110134 ', 'FORTINET - FG-TRAN-GC', '1', '2');
INSERT INTO  productos VALUES('213', 'CH110145', 'FORTINET - FS-248E-FPOE', '1', '4');
INSERT INTO  productos VALUES('214', 'CH111442', 'CISCO - 1PWS-C3560CX-8PC-S', '1', '3');
INSERT INTO  productos VALUES('215', 'CX410DE', 'LEXMARK - CX410DE', '1', '3');
INSERT INTO  productos VALUES('216', 'E450DN', 'LEXMARK - E450DN', '1', '5');
INSERT INTO  productos VALUES('217', 'E460', 'LEXMARK - E460', '1', '4');
INSERT INTO  productos VALUES('218', 'E460DN', 'LEXMARK - E460DN', '1', '2');
INSERT INTO  productos VALUES('219', 'E460DN', 'LEXMAR - E460DN', '1', '3');
INSERT INTO  productos VALUES('220', 'E460DN', 'LEXMARK  - E460DN', '1', '3');
INSERT INTO  productos VALUES('221', 'E460DN', 'LEXMARK - E46ODN', '1', '1');
INSERT INTO  productos VALUES('222', 'E460DN', 'LEXMARK -  E460DN', '1', '3');
INSERT INTO  productos VALUES('223', 'E460DN', 'LEXMARK - LEXMARK', '1', '2');
INSERT INTO  productos VALUES('224', 'E460DN', 'E460DN - E460DN', '1', '3');
INSERT INTO  productos VALUES('225', 'E46ODN', 'LEXMARK - E460DN', '1', '4');
INSERT INTO  productos VALUES('226', 'F5-BIG-LTM-I2800', 'F-5 - F5-BIG-LTM-I2800', '1', '4');
INSERT INTO  productos VALUES('227', 'FAS2520', 'NETAPP - NETAPP FAS2520', '1', '4');
INSERT INTO  productos VALUES('228', 'FG-600D-BDL-900-36', 'FORTINET - FG-600D-BDL-900-36', '1', '1');
INSERT INTO  productos VALUES('229', 'FG-80E-BDL', 'FORTINET - FG-80E-BDL', '1', '2');
INSERT INTO  productos VALUES('230', 'FGT60', 'FORTINET - FG-60E-BDL', '1', '5');
INSERT INTO  productos VALUES('231', 'FINISHER ', 'FINISHER  - FINISHER ', '1', '5');
INSERT INTO  productos VALUES('232', 'HP P1006', 'HP  - HP P1006', '1', '4');
INSERT INTO  productos VALUES('233', 'HP PRO8610', 'HP - HP PRO8610', '1', '3');
INSERT INTO  productos VALUES('234', 'KIT', 'LEXMARK - 40X6401', '1', '1');
INSERT INTO  productos VALUES('235', 'KIT', 'LEXMARK - 40X9136', '1', '2');
INSERT INTO  productos VALUES('236', 'KIT', 'LEXMARK - 40X7610', '1', '1');
INSERT INTO  productos VALUES('237', 'KIT', 'LEXMARK - 40X9138', '1', '2');
INSERT INTO  productos VALUES('238', 'KIT', 'LEXMARK - 40X0398', '1', '1');
INSERT INTO  productos VALUES('239', 'KIT', 'LEXMARK - 40X3570', '1', '1');
INSERT INTO  productos VALUES('240', 'KIT', 'LEXMARK - 40X7540', '1', '5');
INSERT INTO  productos VALUES('241', 'KIT', 'LEXMARK - 40X8051', '1', '4');
INSERT INTO  productos VALUES('242', 'KIT', 'LEXMARK - 40X7798', '1', '1');
INSERT INTO  productos VALUES('243', 'MR84-HW', 'MERAKI - MR84-HW', '1', '4');
INSERT INTO  productos VALUES('244', 'MS120-24P-HW', 'MERAKI - MS120-24P-HW', '1', '4');
INSERT INTO  productos VALUES('245', 'MS410DN', 'LEXMARK - MS410DN', '1', '5');
INSERT INTO  productos VALUES('246', 'MS610DE', 'LEXMARK - MS610DE', '1', '2');
INSERT INTO  productos VALUES('247', 'MS610DE', 'LEXMAR - MS610DE', '1', '1');
INSERT INTO  productos VALUES('248', 'MS810DE', 'LEXMARK - MS810DE', '1', '1');
INSERT INTO  productos VALUES('249', 'MX511', 'LEXMARK - MX511', '1', '5');
INSERT INTO  productos VALUES('250', 'MX611DHE', 'LEXMARK - MX611DHE', '1', '4');
INSERT INTO  productos VALUES('251', 'MX64-HW', 'MERAKI - MX64-HW', '1', '3');
INSERT INTO  productos VALUES('252', 'MX710DE', 'LEXMARK - MX710DE', '1', '2');
INSERT INTO  productos VALUES('253', 'MX711DE', 'LEXMARK - MX711DE', '1', '2');
INSERT INTO  productos VALUES('254', 'MX84-HW', 'MERAKI - MX84-HW', '1', '1');
INSERT INTO  productos VALUES('255', 'PANTALLAS  LG L1734SE', 'LG - LG L1734SE', '1', '2');
INSERT INTO  productos VALUES('256', 'PMA-INJ-4-EU', 'CISCO - PMA-INJ-4-EU', '1', '3');
INSERT INTO  productos VALUES('257', 'T654', 'LEXMARK - T654', '1', '4');
INSERT INTO  productos VALUES('258', 'T656DNE', 'LEXMARK - T656DNE', '1', '5');
INSERT INTO  productos VALUES('259', 'TONER', 'LEXMARK - C792X77G', '1', '4');
INSERT INTO  productos VALUES('260', 'US1111', 'LOGANDSERV - PRUEBA', '1', '5');
INSERT INTO  productos VALUES('261', 'US114812', 'FORTINET  - FG-140D-BDL', '1', '1');
INSERT INTO  productos VALUES('262', 'US120543', 'CISCO - 1PCISCO1921/K9', '1', '2');
INSERT INTO  productos VALUES('263', 'US126260', 'CISCO - 1PAIR-PWRINJ6=', '1', '5');
INSERT INTO  productos VALUES('264', 'US127919', 'CISCO - 1PAIR-PWRINJ6=', '1', '1');
INSERT INTO  productos VALUES('265', 'US128053', 'CISCO - 1PWS-C2960X-24PS-L', '1', '1');
INSERT INTO  productos VALUES('266', 'US128053', 'CISCO - 1PWS-C2960C-8TC-S', '1', '1');
INSERT INTO  productos VALUES('267', 'US128054', 'CISCO - 1C891F-K9', '1', '3');
INSERT INTO  productos VALUES('268', 'US129257', 'CISCO - 1PWS-C2960C-8TC-S', '1', '4');
INSERT INTO  productos VALUES('269', 'US129257', 'CISCO - 1PWS-C2960+24PC-S', '1', '2');
INSERT INTO  productos VALUES('270', 'US129257', 'CISCO - 1PCISCO2901-SEC/K9', '1', '1');
INSERT INTO  productos VALUES('271', 'US129257', 'CISCO - 1PWS-C2960+24TC-S', '1', '5');
INSERT INTO  productos VALUES('272', 'US130837', 'CISCO - 1PCISCO2901-SEC/K9', '1', '2');
INSERT INTO  productos VALUES('273', 'US130837', 'CISCO - 1PCISCO2901/K9', '1', '5');
INSERT INTO  productos VALUES('274', 'US130837', 'CISCO - 1PCISCO2901-V/K9', '1', '5');
INSERT INTO  productos VALUES('275', 'US130837', 'CISCO - 1PN2XX-AEPCI05=', '1', '3');
INSERT INTO  productos VALUES('276', 'US131975', 'CISCO - 1PWS-C2960X-24PD-L', '1', '2');
INSERT INTO  productos VALUES('277', 'US132857', 'CISCO - 1PWS-C2960XR-24TD-I', '1', '3');
INSERT INTO  productos VALUES('278', 'US132857', 'CISCO - 1PSFP-10G-SR=', '1', '3');
INSERT INTO  productos VALUES('279', 'US132857', 'CISCO - 1P800-35246-03', '1', '3');
INSERT INTO  productos VALUES('280', 'US132857', 'CISCO - 1PN5672UP-4FEX-1G', '1', '4');
INSERT INTO  productos VALUES('281', 'US132857', 'CISCO - 1PWS-C4500X-16SFP+', '1', '5');
INSERT INTO  productos VALUES('282', 'US133190', 'CISCO - AIR-CAB002L240-N=', '1', '4');
INSERT INTO  productos VALUES('283', 'US133259', 'CISCO - 1PWS-C3850-24T-E', '1', '1');
INSERT INTO  productos VALUES('284', 'US133259', 'CISCO - 1PWS-C3850-24T-S', '1', '4');
INSERT INTO  productos VALUES('285', 'US133259', 'CISCO - 1PWS-C3650-48TS-E', '1', '5');
INSERT INTO  productos VALUES('286', 'US133259', 'CISCO - 1PWS-C3650-48TS-S', '1', '1');
INSERT INTO  productos VALUES('287', 'US133386', 'CISCO - 1PWS-C3650-24TS-S', '1', '1');
INSERT INTO  productos VALUES('288', 'US133395', 'CISCO - 1PISR4331-SEC/K9', '1', '1');
INSERT INTO  productos VALUES('289', 'US133395', 'CISCO - 1PISR4331/K9', '1', '5');
INSERT INTO  productos VALUES('290', 'US133395', 'CISCO - 1PWS-C2960C-8TC-S', '1', '5');
INSERT INTO  productos VALUES('291', 'US133395', 'CISCO - 1PISR4321-K9', '1', '4');
INSERT INTO  productos VALUES('292', 'US133395', 'CISCO - 1PISR4351/K9', '1', '5');
INSERT INTO  productos VALUES('293', 'US133395', 'CISCO - 1PISR4351-SEC/K9', '1', '2');
INSERT INTO  productos VALUES('294', 'US133935', 'DELL - POWER EDGE R430', '1', '3');
INSERT INTO  productos VALUES('295', 'US134081', 'RIVERBED - US134081', '1', '1');
INSERT INTO  productos VALUES('296', 'US136837', 'CISCO - 1PWS-C2960+24TC-S', '1', '1');
INSERT INTO  productos VALUES('297', 'X264', 'LEXMARK - X264', '1', '4');
INSERT INTO  productos VALUES('298', 'X264DN', 'LEXMARK - X264DN', '1', '4');
INSERT INTO  productos VALUES('299', 'X464', 'LEXMARK - X464', '1', '5');
INSERT INTO  productos VALUES('300', 'X466', 'LEXMARK - X466', '1', '3');
INSERT INTO  productos VALUES('301', 'X656', 'LEXMARK - X656', '1', '5');
INSERT INTO  productos VALUES('302', 'X656DE', 'LEXMARK - X656DE', '1', '2');
INSERT INTO  productos VALUES('303', 'X656DE', 'X656DE - LEXMARK', '1', '5');
INSERT INTO  productos VALUES('304', 'X748DE', 'LEXMARK - X748DE', '1', '2');
INSERT INTO  productos VALUES('305', 'X864', 'LEXMARK - X864', '1', '1');
INSERT INTO  productos VALUES('306', 'X950', 'LEXMARK - X950', '1', '4');
INSERT INTO  productos VALUES('307', 'X950DE', 'LEXMARK - X950DE', '1', '1');
INSERT INTO  productos VALUES('308', 'X952DE', 'LEXMARK - X952DE', '1', '1');


